pull_request_id,user_id,created_at
samplepr-0001,sampleu009,2025-07-08T20:45:46+03:00
samplepr-0001,sampleu002,2025-07-08T20:45:46+03:00
samplepr-0002,sampleu003,2025-08-04T06:45:46+03:00
samplepr-0002,sampleu004,2025-08-04T06:45:46+03:00
samplepr-0003,sampleu003,2025-08-05T10:45:46+03:00
samplepr-0003,sampleu006,2025-08-05T10:45:46+03:00
samplepr-0004,sampleu009,2025-11-11T20:45:46+03:00
samplepr-0004,sampleu003,2025-11-11T20:45:46+03:00
samplepr-0005,sampleu009,2025-10-02T17:45:46+03:00
samplepr-0005,sampleu007,2025-10-02T17:45:46+03:00
samplepr-0006,sampleu005,2025-11-20T16:45:46+03:00
samplepr-0006,sampleu003,2025-11-20T16:45:46+03:00
samplepr-0007,sampleu009,2025-08-24T04:45:46+03:00
samplepr-0007,sampleu004,2025-08-24T04:45:46+03:00
samplepr-0008,sampleu002,2025-03-20T09:45:46+03:00
samplepr-0008,sampleu008,2025-03-20T09:45:46+03:00
samplepr-0009,sampleu005,2025-05-10T17:45:46+03:00
samplepr-0009,sampleu004,2025-05-10T17:45:46+03:00
samplepr-0010,sampleu002,2025-11-02T21:45:46+03:00
samplepr-0010,sampleu004,2025-11-02T21:45:46+03:00
samplepr-0011,sampleu010,2025-11-18T07:45:46+03:00
samplepr-0011,sampleu007,2025-11-18T07:45:46+03:00
samplepr-0012,sampleu007,2024-12-12T21:45:46+03:00
samplepr-0012,sampleu010,2024-12-12T21:45:46+03:00
samplepr-0013,sampleu002,2025-01-10T05:45:46+03:00
samplepr-0013,sampleu010,2025-01-10T05:45:46+03:00
samplepr-0014,sampleu008,2025-01-12T07:45:46+03:00
samplepr-0014,sampleu005,2025-01-12T07:45:46+03:00
samplepr-0015,sampleu005,2025-01-07T11:45:46+03:00
samplepr-0015,sampleu010,2025-01-07T11:45:46+03:00
samplepr-0016,sampleu002,2025-04-06T00:45:46+03:00
samplepr-0016,sampleu010,2025-04-06T00:45:46+03:00
samplepr-0017,sampleu009,2025-07-25T17:45:46+03:00
samplepr-0017,sampleu002,2025-07-25T17:45:46+03:00
samplepr-0018,sampleu003,2025-04-08T11:45:46+03:00
samplepr-0018,sampleu006,2025-04-08T11:45:46+03:00
samplepr-0019,sampleu008,2025-06-25T17:45:46+03:00
samplepr-0019,sampleu005,2025-06-25T17:45:46+03:00
samplepr-0020,sampleu010,2025-05-13T14:45:46+03:00
samplepr-0020,sampleu003,2025-05-13T14:45:46+03:00
samplepr-0021,sampleu010,2025-03-07T00:45:46+03:00
samplepr-0021,sampleu002,2025-03-07T00:45:46+03:00
samplepr-0022,sampleu004,2025-08-18T01:45:46+03:00
samplepr-0022,sampleu007,2025-08-18T01:45:46+03:00
samplepr-0023,sampleu004,2025-04-19T21:45:46+03:00
samplepr-0023,sampleu009,2025-04-19T21:45:46+03:00
samplepr-0024,sampleu002,2025-11-02T18:45:46+03:00
samplepr-0024,sampleu004,2025-11-02T18:45:46+03:00
samplepr-0025,sampleu010,2024-12-30T16:45:46+03:00
samplepr-0025,sampleu004,2024-12-30T16:45:46+03:00
samplepr-0026,sampleu005,2025-02-24T21:45:46+03:00
samplepr-0026,sampleu004,2025-02-24T21:45:46+03:00
samplepr-0027,sampleu004,2025-07-02T04:45:46+03:00
samplepr-0027,sampleu005,2025-07-02T04:45:46+03:00
samplepr-0028,sampleu010,2025-09-30T12:45:46+03:00
samplepr-0028,sampleu005,2025-09-30T12:45:46+03:00
samplepr-0029,sampleu007,2024-12-02T13:45:46+03:00
samplepr-0029,sampleu003,2024-12-02T13:45:46+03:00
samplepr-0030,sampleu010,2025-11-16T16:45:46+03:00
samplepr-0030,sampleu002,2025-11-16T16:45:46+03:00
samplepr-0031,sampleu007,2024-12-18T10:45:46+03:00
samplepr-0031,sampleu006,2024-12-18T10:45:46+03:00
samplepr-0032,sampleu010,2025-05-11T23:45:46+03:00
samplepr-0032,sampleu007,2025-05-11T23:45:46+03:00
samplepr-0033,sampleu010,2025-05-14T15:45:46+03:00
samplepr-0033,sampleu007,2025-05-14T15:45:46+03:00
samplepr-0034,sampleu004,2025-08-13T09:45:46+03:00
samplepr-0034,sampleu007,2025-08-13T09:45:46+03:00
samplepr-0035,sampleu007,2025-04-27T07:45:46+03:00
samplepr-0035,sampleu004,2025-04-27T07:45:46+03:00
samplepr-0036,sampleu005,2025-03-05T02:45:46+03:00
samplepr-0036,sampleu010,2025-03-05T02:45:46+03:00
samplepr-0037,sampleu008,2025-01-21T21:45:46+03:00
samplepr-0037,sampleu005,2025-01-21T21:45:46+03:00
samplepr-0038,sampleu006,2025-10-09T11:45:46+03:00
samplepr-0038,sampleu005,2025-10-09T11:45:46+03:00
samplepr-0039,sampleu007,2025-02-11T02:45:46+03:00
samplepr-0039,sampleu005,2025-02-11T02:45:46+03:00
samplepr-0040,sampleu009,2025-02-17T23:45:46+03:00
samplepr-0040,sampleu003,2025-02-17T23:45:46+03:00
samplepr-0041,sampleu012,2025-06-02T05:45:46+03:00
samplepr-0041,sampleu018,2025-06-02T05:45:46+03:00
samplepr-0042,sampleu012,2024-12-06T00:45:46+03:00
samplepr-0042,sampleu018,2024-12-06T00:45:46+03:00
samplepr-0043,sampleu013,2025-04-21T06:45:46+03:00
samplepr-0043,sampleu018,2025-04-21T06:45:46+03:00
samplepr-0044,sampleu012,2024-12-01T05:45:46+03:00
samplepr-0044,sampleu017,2024-12-01T05:45:46+03:00
samplepr-0045,sampleu018,2025-11-04T16:45:46+03:00
samplepr-0045,sampleu019,2025-11-04T16:45:46+03:00
samplepr-0046,sampleu013,2025-07-14T05:45:46+03:00
samplepr-0046,sampleu019,2025-07-14T05:45:46+03:00
samplepr-0047,sampleu013,2025-09-30T17:45:46+03:00
samplepr-0047,sampleu020,2025-09-30T17:45:46+03:00
samplepr-0048,sampleu020,2025-03-30T16:45:46+03:00
samplepr-0048,sampleu018,2025-03-30T16:45:46+03:00
samplepr-0049,sampleu015,2025-05-30T04:45:46+03:00
samplepr-0049,sampleu013,2025-05-30T04:45:46+03:00
samplepr-0050,sampleu020,2025-07-31T13:45:46+03:00
samplepr-0050,sampleu018,2025-07-31T13:45:46+03:00
samplepr-0051,sampleu018,2024-12-06T08:45:46+03:00
samplepr-0051,sampleu020,2024-12-06T08:45:46+03:00
samplepr-0052,sampleu020,2025-09-16T12:45:46+03:00
samplepr-0052,sampleu012,2025-09-16T12:45:46+03:00
samplepr-0053,sampleu018,2025-02-11T16:45:46+03:00
samplepr-0053,sampleu017,2025-02-11T16:45:46+03:00
samplepr-0054,sampleu016,2024-12-18T04:45:46+03:00
samplepr-0054,sampleu020,2024-12-18T04:45:46+03:00
samplepr-0055,sampleu013,2025-09-10T06:45:46+03:00
samplepr-0055,sampleu012,2025-09-10T06:45:46+03:00
samplepr-0056,sampleu016,2025-01-17T12:45:46+03:00
samplepr-0056,sampleu019,2025-01-17T12:45:46+03:00
samplepr-0057,sampleu017,2025-03-10T04:45:46+03:00
samplepr-0057,sampleu020,2025-03-10T04:45:46+03:00
samplepr-0058,sampleu016,2025-02-05T11:45:46+03:00
samplepr-0058,sampleu019,2025-02-05T11:45:46+03:00
samplepr-0059,sampleu013,2025-07-26T19:45:46+03:00
samplepr-0059,sampleu018,2025-07-26T19:45:46+03:00
samplepr-0060,sampleu017,2025-04-24T00:45:46+03:00
samplepr-0060,sampleu018,2025-04-24T00:45:46+03:00
samplepr-0061,sampleu018,2025-06-04T12:45:46+03:00
samplepr-0061,sampleu015,2025-06-04T12:45:46+03:00
samplepr-0062,sampleu019,2025-07-30T02:45:46+03:00
samplepr-0062,sampleu017,2025-07-30T02:45:46+03:00
samplepr-0063,sampleu012,2025-08-18T14:45:46+03:00
samplepr-0063,sampleu013,2025-08-18T14:45:46+03:00
samplepr-0064,sampleu017,2025-05-20T07:45:46+03:00
samplepr-0064,sampleu012,2025-05-20T07:45:46+03:00
samplepr-0065,sampleu013,2025-03-17T10:45:46+03:00
samplepr-0065,sampleu014,2025-03-17T10:45:46+03:00
samplepr-0066,sampleu014,2025-04-04T23:45:46+03:00
samplepr-0066,sampleu015,2025-04-04T23:45:46+03:00
samplepr-0067,sampleu012,2025-10-08T09:45:46+03:00
samplepr-0067,sampleu019,2025-10-08T09:45:46+03:00
samplepr-0068,sampleu015,2025-02-11T14:45:46+03:00
samplepr-0068,sampleu020,2025-02-11T14:45:46+03:00
samplepr-0069,sampleu014,2024-12-11T16:45:46+03:00
samplepr-0069,sampleu019,2024-12-11T16:45:46+03:00
samplepr-0070,sampleu013,2025-09-28T11:45:46+03:00
samplepr-0070,sampleu012,2025-09-28T11:45:46+03:00
samplepr-0071,sampleu020,2025-02-15T12:45:46+03:00
samplepr-0071,sampleu016,2025-02-15T12:45:46+03:00
samplepr-0072,sampleu013,2025-11-13T12:45:46+03:00
samplepr-0072,sampleu018,2025-11-13T12:45:46+03:00
samplepr-0073,sampleu020,2025-11-05T07:45:46+03:00
samplepr-0073,sampleu013,2025-11-05T07:45:46+03:00
samplepr-0074,sampleu017,2025-10-15T16:45:46+03:00
samplepr-0074,sampleu013,2025-10-15T16:45:46+03:00
samplepr-0075,sampleu013,2025-02-08T05:45:46+03:00
samplepr-0075,sampleu015,2025-02-08T05:45:46+03:00
samplepr-0076,sampleu012,2025-06-12T09:45:46+03:00
samplepr-0076,sampleu017,2025-06-12T09:45:46+03:00
samplepr-0077,sampleu017,2025-10-21T05:45:46+03:00
samplepr-0077,sampleu016,2025-10-21T05:45:46+03:00
samplepr-0078,sampleu019,2025-01-03T21:45:46+03:00
samplepr-0078,sampleu018,2025-01-03T21:45:46+03:00
samplepr-0079,sampleu017,2025-11-18T19:45:46+03:00
samplepr-0079,sampleu014,2025-11-18T19:45:46+03:00
samplepr-0080,sampleu018,2025-05-01T22:45:46+03:00
samplepr-0080,sampleu014,2025-05-01T22:45:46+03:00
samplepr-0081,sampleu022,2025-09-22T18:45:46+03:00
samplepr-0081,sampleu025,2025-09-22T18:45:46+03:00
samplepr-0082,sampleu024,2025-01-11T07:45:46+03:00
samplepr-0082,sampleu028,2025-01-11T07:45:46+03:00
samplepr-0083,sampleu024,2024-12-12T11:45:46+03:00
samplepr-0083,sampleu030,2024-12-12T11:45:46+03:00
samplepr-0084,sampleu023,2025-07-04T20:45:46+03:00
samplepr-0084,sampleu027,2025-07-04T20:45:46+03:00
samplepr-0085,sampleu023,2025-05-01T06:45:46+03:00
samplepr-0085,sampleu030,2025-05-01T06:45:46+03:00
samplepr-0086,sampleu028,2025-10-12T11:45:46+03:00
samplepr-0086,sampleu027,2025-10-12T11:45:46+03:00
samplepr-0087,sampleu029,2025-05-19T11:45:46+03:00
samplepr-0087,sampleu025,2025-05-19T11:45:46+03:00
samplepr-0088,sampleu027,2025-05-25T05:45:46+03:00
samplepr-0088,sampleu026,2025-05-25T05:45:46+03:00
samplepr-0089,sampleu022,2025-07-21T13:45:46+03:00
samplepr-0089,sampleu025,2025-07-21T13:45:46+03:00
samplepr-0090,sampleu028,2025-08-08T19:45:46+03:00
samplepr-0090,sampleu024,2025-08-08T19:45:46+03:00
samplepr-0091,sampleu026,2025-10-14T18:45:46+03:00
samplepr-0091,sampleu029,2025-10-14T18:45:46+03:00
samplepr-0092,sampleu028,2025-02-22T02:45:46+03:00
samplepr-0092,sampleu030,2025-02-22T02:45:46+03:00
samplepr-0093,sampleu024,2025-01-20T03:45:46+03:00
samplepr-0093,sampleu026,2025-01-20T03:45:46+03:00
samplepr-0094,sampleu022,2025-02-16T06:45:46+03:00
samplepr-0094,sampleu028,2025-02-16T06:45:46+03:00
samplepr-0095,sampleu029,2025-01-04T00:45:46+03:00
samplepr-0095,sampleu026,2025-01-04T00:45:46+03:00
samplepr-0096,sampleu022,2025-03-29T04:45:46+03:00
samplepr-0096,sampleu028,2025-03-29T04:45:46+03:00
samplepr-0097,sampleu026,2025-07-20T18:45:46+03:00
samplepr-0097,sampleu027,2025-07-20T18:45:46+03:00
samplepr-0098,sampleu028,2025-01-24T05:45:46+03:00
samplepr-0098,sampleu026,2025-01-24T05:45:46+03:00
samplepr-0099,sampleu023,2025-08-24T00:45:46+03:00
samplepr-0099,sampleu022,2025-08-24T00:45:46+03:00
samplepr-0100,sampleu029,2025-04-12T17:45:46+03:00
samplepr-0100,sampleu025,2025-04-12T17:45:46+03:00
samplepr-0101,sampleu030,2025-10-09T10:45:46+03:00
samplepr-0101,sampleu023,2025-10-09T10:45:46+03:00
samplepr-0102,sampleu029,2024-12-06T14:45:46+03:00
samplepr-0102,sampleu027,2024-12-06T14:45:46+03:00
samplepr-0103,sampleu024,2024-12-31T04:45:46+03:00
samplepr-0103,sampleu026,2024-12-31T04:45:46+03:00
samplepr-0104,sampleu023,2025-10-23T16:45:46+03:00
samplepr-0104,sampleu024,2025-10-23T16:45:46+03:00
samplepr-0105,sampleu023,2025-03-28T00:45:46+03:00
samplepr-0105,sampleu030,2025-03-28T00:45:46+03:00
samplepr-0106,sampleu030,2025-01-21T12:45:46+03:00
samplepr-0106,sampleu023,2025-01-21T12:45:46+03:00
samplepr-0107,sampleu027,2025-04-25T17:45:46+03:00
samplepr-0107,sampleu026,2025-04-25T17:45:46+03:00
samplepr-0108,sampleu027,2025-01-10T14:45:46+03:00
samplepr-0108,sampleu029,2025-01-10T14:45:46+03:00
samplepr-0109,sampleu022,2024-12-16T12:45:46+03:00
samplepr-0109,sampleu026,2024-12-16T12:45:46+03:00
samplepr-0110,sampleu026,2025-06-15T01:45:46+03:00
samplepr-0110,sampleu024,2025-06-15T01:45:46+03:00
samplepr-0111,sampleu027,2024-12-03T01:45:46+03:00
samplepr-0111,sampleu024,2024-12-03T01:45:46+03:00
samplepr-0112,sampleu026,2025-11-10T06:45:46+03:00
samplepr-0112,sampleu027,2025-11-10T06:45:46+03:00
samplepr-0113,sampleu026,2025-06-04T08:45:46+03:00
samplepr-0113,sampleu030,2025-06-04T08:45:46+03:00
samplepr-0114,sampleu030,2025-07-07T09:45:46+03:00
samplepr-0114,sampleu027,2025-07-07T09:45:46+03:00
samplepr-0115,sampleu026,2025-10-27T14:45:46+03:00
samplepr-0115,sampleu023,2025-10-27T14:45:46+03:00
samplepr-0116,sampleu026,2025-05-31T13:45:46+03:00
samplepr-0116,sampleu027,2025-05-31T13:45:46+03:00
samplepr-0117,sampleu028,2025-01-16T23:45:46+03:00
samplepr-0117,sampleu027,2025-01-16T23:45:46+03:00
samplepr-0118,sampleu026,2025-09-17T23:45:46+03:00
samplepr-0118,sampleu028,2025-09-17T23:45:46+03:00
samplepr-0119,sampleu024,2025-04-16T02:45:46+03:00
samplepr-0119,sampleu027,2025-04-16T02:45:46+03:00
samplepr-0120,sampleu026,2024-11-29T07:45:46+03:00
samplepr-0120,sampleu024,2024-11-29T07:45:46+03:00
samplepr-0121,sampleu039,2024-11-24T01:45:46+03:00
samplepr-0121,sampleu038,2024-11-24T01:45:46+03:00
samplepr-0122,sampleu034,2025-06-06T09:45:46+03:00
samplepr-0122,sampleu035,2025-06-06T09:45:46+03:00
samplepr-0123,sampleu036,2024-12-13T11:45:46+03:00
samplepr-0123,sampleu035,2024-12-13T11:45:46+03:00
samplepr-0124,sampleu039,2025-02-21T22:45:46+03:00
samplepr-0124,sampleu036,2025-02-21T22:45:46+03:00
samplepr-0125,sampleu035,2025-05-04T08:45:46+03:00
samplepr-0125,sampleu033,2025-05-04T08:45:46+03:00
samplepr-0126,sampleu040,2025-06-26T00:45:46+03:00
samplepr-0126,sampleu038,2025-06-26T00:45:46+03:00
samplepr-0127,sampleu040,2025-06-10T16:45:46+03:00
samplepr-0127,sampleu039,2025-06-10T16:45:46+03:00
samplepr-0128,sampleu033,2025-01-06T06:45:46+03:00
samplepr-0128,sampleu034,2025-01-06T06:45:46+03:00
samplepr-0129,sampleu040,2025-06-16T22:45:46+03:00
samplepr-0129,sampleu038,2025-06-16T22:45:46+03:00
samplepr-0130,sampleu033,2025-08-16T22:45:46+03:00
samplepr-0130,sampleu036,2025-08-16T22:45:46+03:00
samplepr-0131,sampleu039,2024-12-18T03:45:46+03:00
samplepr-0131,sampleu040,2024-12-18T03:45:46+03:00
samplepr-0132,sampleu038,2025-07-05T17:45:46+03:00
samplepr-0132,sampleu039,2025-07-05T17:45:46+03:00
samplepr-0133,sampleu034,2025-08-17T20:45:46+03:00
samplepr-0133,sampleu035,2025-08-17T20:45:46+03:00
samplepr-0134,sampleu035,2025-06-11T15:45:46+03:00
samplepr-0134,sampleu040,2025-06-11T15:45:46+03:00
samplepr-0135,sampleu032,2025-06-28T09:45:46+03:00
samplepr-0135,sampleu038,2025-06-28T09:45:46+03:00
samplepr-0136,sampleu039,2025-10-12T09:45:46+03:00
samplepr-0136,sampleu040,2025-10-12T09:45:46+03:00
samplepr-0137,sampleu040,2025-06-22T01:45:46+03:00
samplepr-0137,sampleu033,2025-06-22T01:45:46+03:00
samplepr-0138,sampleu038,2025-08-23T02:45:46+03:00
samplepr-0138,sampleu032,2025-08-23T02:45:46+03:00
samplepr-0139,sampleu033,2025-03-06T19:45:46+03:00
samplepr-0139,sampleu032,2025-03-06T19:45:46+03:00
samplepr-0140,sampleu036,2025-09-24T03:45:46+03:00
samplepr-0140,sampleu032,2025-09-24T03:45:46+03:00
samplepr-0141,sampleu038,2025-09-28T20:45:46+03:00
samplepr-0141,sampleu032,2025-09-28T20:45:46+03:00
samplepr-0142,sampleu039,2025-05-12T18:45:46+03:00
samplepr-0142,sampleu033,2025-05-12T18:45:46+03:00
samplepr-0143,sampleu037,2025-02-01T02:45:46+03:00
samplepr-0143,sampleu034,2025-02-01T02:45:46+03:00
samplepr-0144,sampleu034,2025-08-30T20:45:46+03:00
samplepr-0144,sampleu040,2025-08-30T20:45:46+03:00
samplepr-0145,sampleu034,2025-11-07T00:45:46+03:00
samplepr-0145,sampleu032,2025-11-07T00:45:46+03:00
samplepr-0146,sampleu039,2025-03-26T21:45:46+03:00
samplepr-0146,sampleu038,2025-03-26T21:45:46+03:00
samplepr-0147,sampleu037,2025-01-17T08:45:46+03:00
samplepr-0147,sampleu032,2025-01-17T08:45:46+03:00
samplepr-0148,sampleu033,2025-07-25T05:45:46+03:00
samplepr-0148,sampleu039,2025-07-25T05:45:46+03:00
samplepr-0149,sampleu040,2025-03-22T17:45:46+03:00
samplepr-0149,sampleu032,2025-03-22T17:45:46+03:00
samplepr-0150,sampleu039,2025-09-23T08:45:46+03:00
samplepr-0150,sampleu035,2025-09-23T08:45:46+03:00
samplepr-0151,sampleu034,2025-02-26T14:45:46+03:00
samplepr-0151,sampleu033,2025-02-26T14:45:46+03:00
samplepr-0152,sampleu038,2025-05-22T02:45:46+03:00
samplepr-0152,sampleu032,2025-05-22T02:45:46+03:00
samplepr-0153,sampleu032,2025-08-03T00:45:46+03:00
samplepr-0153,sampleu037,2025-08-03T00:45:46+03:00
samplepr-0154,sampleu037,2025-04-17T21:45:46+03:00
samplepr-0154,sampleu040,2025-04-17T21:45:46+03:00
samplepr-0155,sampleu032,2025-05-31T02:45:46+03:00
samplepr-0155,sampleu037,2025-05-31T02:45:46+03:00
samplepr-0156,sampleu036,2025-08-06T01:45:46+03:00
samplepr-0156,sampleu032,2025-08-06T01:45:46+03:00
samplepr-0157,sampleu038,2025-11-14T22:45:46+03:00
samplepr-0157,sampleu035,2025-11-14T22:45:46+03:00
samplepr-0158,sampleu036,2025-08-08T08:45:46+03:00
samplepr-0158,sampleu037,2025-08-08T08:45:46+03:00
samplepr-0159,sampleu035,2025-06-29T23:45:46+03:00
samplepr-0159,sampleu036,2025-06-29T23:45:46+03:00
samplepr-0160,sampleu032,2025-02-23T03:45:46+03:00
samplepr-0160,sampleu033,2025-02-23T03:45:46+03:00
samplepr-0161,sampleu038,2025-04-03T06:45:46+03:00
samplepr-0161,sampleu037,2025-04-03T06:45:46+03:00
samplepr-0162,sampleu034,2025-04-20T20:45:46+03:00
samplepr-0162,sampleu036,2025-04-20T20:45:46+03:00
samplepr-0163,sampleu032,2025-09-17T03:45:46+03:00
samplepr-0163,sampleu036,2025-09-17T03:45:46+03:00
samplepr-0164,sampleu039,2025-07-06T04:45:46+03:00
samplepr-0164,sampleu037,2025-07-06T04:45:46+03:00
samplepr-0165,sampleu050,2025-10-30T23:45:46+03:00
samplepr-0165,sampleu048,2025-10-30T23:45:46+03:00
samplepr-0166,sampleu048,2025-03-07T15:45:46+03:00
samplepr-0166,sampleu044,2025-03-07T15:45:46+03:00
samplepr-0167,sampleu048,2025-06-17T20:45:46+03:00
samplepr-0167,sampleu050,2025-06-17T20:45:46+03:00
samplepr-0168,sampleu045,2025-04-02T14:45:46+03:00
samplepr-0168,sampleu044,2025-04-02T14:45:46+03:00
samplepr-0169,sampleu046,2024-12-20T06:45:46+03:00
samplepr-0169,sampleu044,2024-12-20T06:45:46+03:00
samplepr-0170,sampleu050,2025-04-06T17:45:46+03:00
samplepr-0170,sampleu043,2025-04-06T17:45:46+03:00
samplepr-0171,sampleu048,2025-11-20T22:45:46+03:00
samplepr-0171,sampleu047,2025-11-20T22:45:46+03:00
samplepr-0172,sampleu042,2025-03-03T07:45:46+03:00
samplepr-0172,sampleu050,2025-03-03T07:45:46+03:00
samplepr-0173,sampleu048,2025-02-09T17:45:46+03:00
samplepr-0173,sampleu047,2025-02-09T17:45:46+03:00
samplepr-0174,sampleu042,2025-01-24T13:45:46+03:00
samplepr-0174,sampleu049,2025-01-24T13:45:46+03:00
samplepr-0175,sampleu047,2025-05-27T04:45:46+03:00
samplepr-0175,sampleu049,2025-05-27T04:45:46+03:00
samplepr-0176,sampleu048,2025-03-25T19:45:46+03:00
samplepr-0176,sampleu044,2025-03-25T19:45:46+03:00
samplepr-0177,sampleu048,2025-10-17T06:45:46+03:00
samplepr-0177,sampleu047,2025-10-17T06:45:46+03:00
samplepr-0178,sampleu047,2025-10-05T09:45:46+03:00
samplepr-0178,sampleu050,2025-10-05T09:45:46+03:00
samplepr-0179,sampleu043,2025-05-20T17:45:46+03:00
samplepr-0179,sampleu050,2025-05-20T17:45:46+03:00
samplepr-0180,sampleu050,2025-06-11T01:45:46+03:00
samplepr-0180,sampleu048,2025-06-11T01:45:46+03:00
samplepr-0181,sampleu043,2025-01-02T14:45:46+03:00
samplepr-0181,sampleu047,2025-01-02T14:45:46+03:00
samplepr-0182,sampleu046,2025-10-16T12:45:46+03:00
samplepr-0182,sampleu044,2025-10-16T12:45:46+03:00
samplepr-0183,sampleu044,2025-07-23T18:45:46+03:00
samplepr-0183,sampleu043,2025-07-23T18:45:46+03:00
samplepr-0184,sampleu044,2025-02-07T05:45:46+03:00
samplepr-0184,sampleu042,2025-02-07T05:45:46+03:00
samplepr-0185,sampleu050,2025-07-21T11:45:46+03:00
samplepr-0185,sampleu045,2025-07-21T11:45:46+03:00
samplepr-0186,sampleu043,2024-12-19T05:45:46+03:00
samplepr-0186,sampleu049,2024-12-19T05:45:46+03:00
samplepr-0187,sampleu043,2025-11-09T18:45:46+03:00
samplepr-0187,sampleu042,2025-11-09T18:45:46+03:00
samplepr-0188,sampleu050,2025-08-27T08:45:46+03:00
samplepr-0188,sampleu043,2025-08-27T08:45:46+03:00
samplepr-0189,sampleu044,2025-10-13T10:45:46+03:00
samplepr-0189,sampleu048,2025-10-13T10:45:46+03:00
samplepr-0190,sampleu045,2025-02-05T20:45:46+03:00
samplepr-0190,sampleu049,2025-02-05T20:45:46+03:00
samplepr-0191,sampleu044,2025-02-03T23:45:46+03:00
samplepr-0191,sampleu050,2025-02-03T23:45:46+03:00
samplepr-0192,sampleu048,2025-04-14T08:45:46+03:00
samplepr-0192,sampleu044,2025-04-14T08:45:46+03:00
samplepr-0193,sampleu046,2025-10-14T13:45:46+03:00
samplepr-0193,sampleu048,2025-10-14T13:45:46+03:00
samplepr-0194,sampleu047,2025-06-09T12:45:46+03:00
samplepr-0194,sampleu046,2025-06-09T12:45:46+03:00
samplepr-0195,sampleu045,2024-12-08T13:45:46+03:00
samplepr-0195,sampleu050,2024-12-08T13:45:46+03:00
samplepr-0196,sampleu050,2025-10-26T01:45:46+03:00
samplepr-0196,sampleu043,2025-10-26T01:45:46+03:00
samplepr-0197,sampleu043,2025-08-28T15:45:46+03:00
samplepr-0197,sampleu045,2025-08-28T15:45:46+03:00
samplepr-0198,sampleu049,2025-02-22T19:45:46+03:00
samplepr-0198,sampleu043,2025-02-22T19:45:46+03:00
samplepr-0199,sampleu047,2025-01-05T15:45:46+03:00
samplepr-0199,sampleu046,2025-01-05T15:45:46+03:00
samplepr-0200,sampleu044,2025-07-12T08:45:46+03:00
samplepr-0200,sampleu047,2025-07-12T08:45:46+03:00
samplepr-0201,sampleu048,2025-11-05T18:45:46+03:00
samplepr-0201,sampleu043,2025-11-05T18:45:46+03:00
samplepr-0202,sampleu048,2025-06-12T20:45:46+03:00
samplepr-0202,sampleu047,2025-06-12T20:45:46+03:00
samplepr-0203,sampleu043,2025-05-21T00:45:46+03:00
samplepr-0203,sampleu042,2025-05-21T00:45:46+03:00
samplepr-0204,sampleu047,2025-06-27T14:45:46+03:00
samplepr-0204,sampleu048,2025-06-27T14:45:46+03:00
samplepr-0205,sampleu043,2025-02-05T03:45:46+03:00
samplepr-0205,sampleu042,2025-02-05T03:45:46+03:00
samplepr-0206,sampleu045,2025-02-07T01:45:46+03:00
samplepr-0206,sampleu042,2025-02-07T01:45:46+03:00
samplepr-0207,sampleu048,2025-07-08T07:45:46+03:00
samplepr-0207,sampleu042,2025-07-08T07:45:46+03:00
samplepr-0208,sampleu043,2025-04-02T10:45:46+03:00
samplepr-0208,sampleu044,2025-04-02T10:45:46+03:00
samplepr-0209,sampleu059,2025-03-18T23:45:46+03:00
samplepr-0209,sampleu056,2025-03-18T23:45:46+03:00
samplepr-0210,sampleu058,2025-04-21T04:45:46+03:00
samplepr-0210,sampleu053,2025-04-21T04:45:46+03:00
samplepr-0211,sampleu053,2025-09-02T15:45:46+03:00
samplepr-0211,sampleu059,2025-09-02T15:45:46+03:00
samplepr-0212,sampleu054,2025-05-02T03:45:46+03:00
samplepr-0212,sampleu060,2025-05-02T03:45:46+03:00
samplepr-0213,sampleu054,2025-08-15T11:45:46+03:00
samplepr-0213,sampleu055,2025-08-15T11:45:46+03:00
samplepr-0214,sampleu053,2025-07-20T01:45:46+03:00
samplepr-0214,sampleu058,2025-07-20T01:45:46+03:00
samplepr-0215,sampleu058,2025-03-27T06:45:46+03:00
samplepr-0215,sampleu054,2025-03-27T06:45:46+03:00
samplepr-0216,sampleu057,2025-11-09T02:45:46+03:00
samplepr-0216,sampleu053,2025-11-09T02:45:46+03:00
samplepr-0217,sampleu055,2024-12-02T08:45:46+03:00
samplepr-0217,sampleu058,2024-12-02T08:45:46+03:00
samplepr-0218,sampleu057,2025-02-20T16:45:46+03:00
samplepr-0218,sampleu055,2025-02-20T16:45:46+03:00
samplepr-0219,sampleu052,2025-07-22T08:45:46+03:00
samplepr-0219,sampleu055,2025-07-22T08:45:46+03:00
samplepr-0220,sampleu052,2025-10-30T04:45:46+03:00
samplepr-0220,sampleu055,2025-10-30T04:45:46+03:00
samplepr-0221,sampleu059,2025-08-08T04:45:46+03:00
samplepr-0221,sampleu054,2025-08-08T04:45:46+03:00
samplepr-0222,sampleu058,2025-02-23T02:45:46+03:00
samplepr-0222,sampleu057,2025-02-23T02:45:46+03:00
samplepr-0223,sampleu052,2025-06-14T20:45:46+03:00
samplepr-0223,sampleu059,2025-06-14T20:45:46+03:00
samplepr-0224,sampleu060,2025-03-22T07:45:46+03:00
samplepr-0224,sampleu056,2025-03-22T07:45:46+03:00
samplepr-0225,sampleu052,2024-11-25T23:45:46+03:00
samplepr-0225,sampleu055,2024-11-25T23:45:46+03:00
samplepr-0226,sampleu052,2025-03-31T11:45:46+03:00
samplepr-0226,sampleu057,2025-03-31T11:45:46+03:00
samplepr-0227,sampleu053,2025-04-11T20:45:46+03:00
samplepr-0227,sampleu060,2025-04-11T20:45:46+03:00
samplepr-0228,sampleu053,2024-11-23T19:45:46+03:00
samplepr-0228,sampleu058,2024-11-23T19:45:46+03:00
samplepr-0229,sampleu058,2024-12-15T18:45:46+03:00
samplepr-0229,sampleu052,2024-12-15T18:45:46+03:00
samplepr-0230,sampleu053,2025-01-18T07:45:46+03:00
samplepr-0230,sampleu058,2025-01-18T07:45:46+03:00
samplepr-0231,sampleu053,2025-05-22T20:45:46+03:00
samplepr-0231,sampleu055,2025-05-22T20:45:46+03:00
samplepr-0232,sampleu054,2025-07-06T06:45:46+03:00
samplepr-0232,sampleu060,2025-07-06T06:45:46+03:00
samplepr-0233,sampleu052,2024-12-15T22:45:46+03:00
samplepr-0233,sampleu060,2024-12-15T22:45:46+03:00
samplepr-0234,sampleu055,2025-09-01T18:45:46+03:00
samplepr-0234,sampleu054,2025-09-01T18:45:46+03:00
samplepr-0235,sampleu056,2025-06-13T22:45:46+03:00
samplepr-0235,sampleu058,2025-06-13T22:45:46+03:00
samplepr-0236,sampleu059,2025-08-03T01:45:46+03:00
samplepr-0236,sampleu057,2025-08-03T01:45:46+03:00
samplepr-0237,sampleu053,2025-08-11T09:45:46+03:00
samplepr-0237,sampleu057,2025-08-11T09:45:46+03:00
samplepr-0238,sampleu056,2025-07-15T05:45:46+03:00
samplepr-0238,sampleu059,2025-07-15T05:45:46+03:00
samplepr-0239,sampleu056,2025-07-20T20:45:46+03:00
samplepr-0239,sampleu052,2025-07-20T20:45:46+03:00
samplepr-0240,sampleu058,2025-01-07T14:45:46+03:00
samplepr-0240,sampleu060,2025-01-07T14:45:46+03:00
samplepr-0241,sampleu055,2025-04-24T20:45:46+03:00
samplepr-0241,sampleu052,2025-04-24T20:45:46+03:00
samplepr-0242,sampleu056,2025-02-02T04:45:46+03:00
samplepr-0242,sampleu055,2025-02-02T04:45:46+03:00
samplepr-0243,sampleu060,2025-08-07T18:45:46+03:00
samplepr-0243,sampleu055,2025-08-07T18:45:46+03:00
samplepr-0244,sampleu060,2025-05-02T02:45:46+03:00
samplepr-0244,sampleu054,2025-05-02T02:45:46+03:00
samplepr-0245,sampleu058,2025-07-12T16:45:46+03:00
samplepr-0245,sampleu052,2025-07-12T16:45:46+03:00
samplepr-0246,sampleu054,2025-08-13T17:45:46+03:00
samplepr-0246,sampleu057,2025-08-13T17:45:46+03:00
samplepr-0247,sampleu057,2025-10-25T16:45:46+03:00
samplepr-0247,sampleu053,2025-10-25T16:45:46+03:00
samplepr-0248,sampleu052,2024-12-02T15:45:46+03:00
samplepr-0248,sampleu056,2024-12-02T15:45:46+03:00
samplepr-0249,sampleu070,2025-08-18T09:45:46+03:00
samplepr-0249,sampleu067,2025-08-18T09:45:46+03:00
samplepr-0250,sampleu065,2025-02-20T10:45:46+03:00
samplepr-0250,sampleu062,2025-02-20T10:45:46+03:00
samplepr-0251,sampleu069,2025-07-04T05:45:46+03:00
samplepr-0251,sampleu067,2025-07-04T05:45:46+03:00
samplepr-0252,sampleu063,2025-06-03T05:45:46+03:00
samplepr-0252,sampleu066,2025-06-03T05:45:46+03:00
samplepr-0253,sampleu068,2024-12-07T07:45:46+03:00
samplepr-0253,sampleu062,2024-12-07T07:45:46+03:00
samplepr-0254,sampleu067,2025-01-03T14:45:46+03:00
samplepr-0254,sampleu065,2025-01-03T14:45:46+03:00
samplepr-0255,sampleu068,2025-04-20T14:45:46+03:00
samplepr-0255,sampleu065,2025-04-20T14:45:46+03:00
samplepr-0256,sampleu070,2025-10-05T04:45:46+03:00
samplepr-0256,sampleu068,2025-10-05T04:45:46+03:00
samplepr-0257,sampleu070,2025-04-16T04:45:46+03:00
samplepr-0257,sampleu066,2025-04-16T04:45:46+03:00
samplepr-0258,sampleu064,2025-03-25T02:45:46+03:00
samplepr-0258,sampleu068,2025-03-25T02:45:46+03:00
samplepr-0259,sampleu068,2025-03-29T23:45:46+03:00
samplepr-0259,sampleu070,2025-03-29T23:45:46+03:00
samplepr-0260,sampleu069,2025-08-12T13:45:46+03:00
samplepr-0260,sampleu064,2025-08-12T13:45:46+03:00
samplepr-0261,sampleu062,2025-09-20T19:45:46+03:00
samplepr-0261,sampleu064,2025-09-20T19:45:46+03:00
samplepr-0262,sampleu069,2025-01-12T14:45:46+03:00
samplepr-0262,sampleu066,2025-01-12T14:45:46+03:00
samplepr-0263,sampleu070,2025-09-20T13:45:46+03:00
samplepr-0263,sampleu067,2025-09-20T13:45:46+03:00
samplepr-0264,sampleu068,2025-02-24T22:45:46+03:00
samplepr-0264,sampleu070,2025-02-24T22:45:46+03:00
samplepr-0265,sampleu068,2025-07-21T15:45:46+03:00
samplepr-0265,sampleu069,2025-07-21T15:45:46+03:00
samplepr-0266,sampleu067,2025-10-22T21:45:46+03:00
samplepr-0266,sampleu062,2025-10-22T21:45:46+03:00
samplepr-0267,sampleu068,2025-07-19T01:45:46+03:00
samplepr-0267,sampleu067,2025-07-19T01:45:46+03:00
samplepr-0268,sampleu062,2025-04-04T13:45:46+03:00
samplepr-0268,sampleu067,2025-04-04T13:45:46+03:00
samplepr-0269,sampleu069,2025-05-06T08:45:46+03:00
samplepr-0269,sampleu063,2025-05-06T08:45:46+03:00
samplepr-0270,sampleu069,2025-01-20T18:45:46+03:00
samplepr-0270,sampleu070,2025-01-20T18:45:46+03:00
samplepr-0271,sampleu067,2025-01-10T23:45:46+03:00
samplepr-0271,sampleu070,2025-01-10T23:45:46+03:00
samplepr-0272,sampleu064,2025-05-22T12:45:46+03:00
samplepr-0272,sampleu068,2025-05-22T12:45:46+03:00
samplepr-0273,sampleu063,2025-08-20T15:45:46+03:00
samplepr-0273,sampleu064,2025-08-20T15:45:46+03:00
samplepr-0274,sampleu065,2025-01-04T21:45:46+03:00
samplepr-0274,sampleu063,2025-01-04T21:45:46+03:00
samplepr-0275,sampleu062,2024-12-05T09:45:46+03:00
samplepr-0275,sampleu066,2024-12-05T09:45:46+03:00
samplepr-0276,sampleu062,2025-06-03T10:45:46+03:00
samplepr-0276,sampleu070,2025-06-03T10:45:46+03:00
samplepr-0277,sampleu069,2025-09-17T08:45:46+03:00
samplepr-0277,sampleu063,2025-09-17T08:45:46+03:00
samplepr-0278,sampleu062,2025-03-16T16:45:46+03:00
samplepr-0278,sampleu070,2025-03-16T16:45:46+03:00
samplepr-0279,sampleu070,2025-04-18T00:45:46+03:00
samplepr-0279,sampleu069,2025-04-18T00:45:46+03:00
samplepr-0280,sampleu070,2024-12-22T08:45:46+03:00
samplepr-0280,sampleu066,2024-12-22T08:45:46+03:00
samplepr-0281,sampleu062,2025-04-04T12:45:46+03:00
samplepr-0281,sampleu063,2025-04-04T12:45:46+03:00
samplepr-0282,sampleu064,2025-02-07T03:45:46+03:00
samplepr-0282,sampleu070,2025-02-07T03:45:46+03:00
samplepr-0283,sampleu067,2025-06-03T12:45:46+03:00
samplepr-0283,sampleu068,2025-06-03T12:45:46+03:00
samplepr-0284,sampleu065,2024-12-06T16:45:46+03:00
samplepr-0284,sampleu064,2024-12-06T16:45:46+03:00
samplepr-0285,sampleu070,2025-01-26T19:45:46+03:00
samplepr-0285,sampleu068,2025-01-26T19:45:46+03:00
samplepr-0286,sampleu065,2025-07-25T09:45:46+03:00
samplepr-0286,sampleu062,2025-07-25T09:45:46+03:00
samplepr-0287,sampleu066,2024-12-07T18:45:46+03:00
samplepr-0287,sampleu064,2024-12-07T18:45:46+03:00
samplepr-0288,sampleu062,2024-11-23T12:45:46+03:00
samplepr-0288,sampleu064,2024-11-23T12:45:46+03:00
samplepr-0289,sampleu079,2025-11-08T11:45:46+03:00
samplepr-0289,sampleu076,2025-11-08T11:45:46+03:00
samplepr-0290,sampleu076,2025-11-09T16:45:46+03:00
samplepr-0290,sampleu080,2025-11-09T16:45:46+03:00
samplepr-0291,sampleu075,2025-05-28T00:45:46+03:00
samplepr-0291,sampleu076,2025-05-28T00:45:46+03:00
samplepr-0292,sampleu075,2025-02-04T21:45:46+03:00
samplepr-0292,sampleu080,2025-02-04T21:45:46+03:00
samplepr-0293,sampleu079,2025-05-14T14:45:46+03:00
samplepr-0293,sampleu078,2025-05-14T14:45:46+03:00
samplepr-0294,sampleu075,2025-07-26T23:45:46+03:00
samplepr-0294,sampleu076,2025-07-26T23:45:46+03:00
samplepr-0295,sampleu074,2025-11-15T12:45:46+03:00
samplepr-0295,sampleu079,2025-11-15T12:45:46+03:00
samplepr-0296,sampleu074,2025-08-31T18:45:46+03:00
samplepr-0296,sampleu079,2025-08-31T18:45:46+03:00
samplepr-0297,sampleu072,2025-10-09T00:45:46+03:00
samplepr-0297,sampleu075,2025-10-09T00:45:46+03:00
samplepr-0298,sampleu078,2024-12-14T04:45:46+03:00
samplepr-0298,sampleu072,2024-12-14T04:45:46+03:00
samplepr-0299,sampleu074,2025-05-26T23:45:46+03:00
samplepr-0299,sampleu076,2025-05-26T23:45:46+03:00
samplepr-0300,sampleu074,2025-02-01T13:45:46+03:00
samplepr-0300,sampleu080,2025-02-01T13:45:46+03:00
samplepr-0301,sampleu074,2025-11-04T08:45:46+03:00
samplepr-0301,sampleu077,2025-11-04T08:45:46+03:00
samplepr-0302,sampleu076,2025-04-04T15:45:46+03:00
samplepr-0302,sampleu075,2025-04-04T15:45:46+03:00
samplepr-0303,sampleu073,2025-09-29T17:45:46+03:00
samplepr-0303,sampleu078,2025-09-29T17:45:46+03:00
samplepr-0304,sampleu073,2025-07-10T17:45:46+03:00
samplepr-0304,sampleu078,2025-07-10T17:45:46+03:00
samplepr-0305,sampleu072,2025-06-25T18:45:46+03:00
samplepr-0305,sampleu073,2025-06-25T18:45:46+03:00
samplepr-0306,sampleu073,2025-02-06T05:45:46+03:00
samplepr-0306,sampleu077,2025-02-06T05:45:46+03:00
samplepr-0307,sampleu078,2025-03-12T19:45:46+03:00
samplepr-0307,sampleu072,2025-03-12T19:45:46+03:00
samplepr-0308,sampleu078,2025-02-24T02:45:46+03:00
samplepr-0308,sampleu076,2025-02-24T02:45:46+03:00
samplepr-0309,sampleu080,2024-12-05T19:45:46+03:00
samplepr-0309,sampleu078,2024-12-05T19:45:46+03:00
samplepr-0310,sampleu077,2024-11-29T04:45:46+03:00
samplepr-0310,sampleu078,2024-11-29T04:45:46+03:00
samplepr-0311,sampleu073,2025-10-10T10:45:46+03:00
samplepr-0311,sampleu075,2025-10-10T10:45:46+03:00
samplepr-0312,sampleu074,2025-09-18T10:45:46+03:00
samplepr-0312,sampleu079,2025-09-18T10:45:46+03:00
samplepr-0313,sampleu080,2025-07-02T09:45:46+03:00
samplepr-0313,sampleu077,2025-07-02T09:45:46+03:00
samplepr-0314,sampleu075,2024-12-08T19:45:46+03:00
samplepr-0314,sampleu073,2024-12-08T19:45:46+03:00
samplepr-0315,sampleu079,2025-04-19T07:45:46+03:00
samplepr-0315,sampleu078,2025-04-19T07:45:46+03:00
samplepr-0316,sampleu078,2025-02-16T16:45:46+03:00
samplepr-0316,sampleu079,2025-02-16T16:45:46+03:00
samplepr-0317,sampleu074,2025-05-29T06:45:46+03:00
samplepr-0317,sampleu075,2025-05-29T06:45:46+03:00
samplepr-0318,sampleu079,2025-02-21T12:45:46+03:00
samplepr-0318,sampleu078,2025-02-21T12:45:46+03:00
samplepr-0319,sampleu080,2024-11-25T21:45:46+03:00
samplepr-0319,sampleu073,2024-11-25T21:45:46+03:00
samplepr-0320,sampleu077,2025-08-19T16:45:46+03:00
samplepr-0320,sampleu079,2025-08-19T16:45:46+03:00
samplepr-0321,sampleu073,2025-08-14T08:45:46+03:00
samplepr-0321,sampleu077,2025-08-14T08:45:46+03:00
samplepr-0322,sampleu080,2025-01-29T13:45:46+03:00
samplepr-0322,sampleu076,2025-01-29T13:45:46+03:00
samplepr-0323,sampleu080,2025-06-21T01:45:46+03:00
samplepr-0323,sampleu077,2025-06-21T01:45:46+03:00
samplepr-0324,sampleu079,2025-03-28T08:45:46+03:00
samplepr-0324,sampleu080,2025-03-28T08:45:46+03:00
samplepr-0325,sampleu073,2025-06-16T18:45:46+03:00
samplepr-0325,sampleu072,2025-06-16T18:45:46+03:00
samplepr-0326,sampleu076,2025-03-05T16:45:46+03:00
samplepr-0326,sampleu075,2025-03-05T16:45:46+03:00
samplepr-0327,sampleu074,2025-02-09T00:45:46+03:00
samplepr-0327,sampleu080,2025-02-09T00:45:46+03:00
samplepr-0328,sampleu076,2024-12-14T02:45:46+03:00
samplepr-0328,sampleu078,2024-12-14T02:45:46+03:00
samplepr-0329,sampleu074,2025-01-13T08:45:46+03:00
samplepr-0329,sampleu073,2025-01-13T08:45:46+03:00
samplepr-0330,sampleu072,2024-12-27T17:45:46+03:00
samplepr-0330,sampleu074,2024-12-27T17:45:46+03:00
samplepr-0331,sampleu078,2025-07-01T15:45:46+03:00
samplepr-0331,sampleu074,2025-07-01T15:45:46+03:00
samplepr-0332,sampleu079,2025-03-22T22:45:46+03:00
samplepr-0332,sampleu077,2025-03-22T22:45:46+03:00
samplepr-0333,sampleu085,2025-04-22T21:45:46+03:00
samplepr-0333,sampleu083,2025-04-22T21:45:46+03:00
samplepr-0334,sampleu090,2025-03-31T22:45:46+03:00
samplepr-0334,sampleu084,2025-03-31T22:45:46+03:00
samplepr-0335,sampleu082,2025-05-02T01:45:46+03:00
samplepr-0335,sampleu083,2025-05-02T01:45:46+03:00
samplepr-0336,sampleu083,2025-03-23T01:45:46+03:00
samplepr-0336,sampleu082,2025-03-23T01:45:46+03:00
samplepr-0337,sampleu084,2025-04-27T10:45:46+03:00
samplepr-0337,sampleu089,2025-04-27T10:45:46+03:00
samplepr-0338,sampleu087,2025-05-23T14:45:46+03:00
samplepr-0338,sampleu089,2025-05-23T14:45:46+03:00
samplepr-0339,sampleu083,2025-02-10T09:45:46+03:00
samplepr-0339,sampleu088,2025-02-10T09:45:46+03:00
samplepr-0340,sampleu088,2025-07-03T20:45:46+03:00
samplepr-0340,sampleu083,2025-07-03T20:45:46+03:00
samplepr-0341,sampleu089,2025-03-05T20:45:46+03:00
samplepr-0341,sampleu086,2025-03-05T20:45:46+03:00
samplepr-0342,sampleu087,2025-03-16T04:45:46+03:00
samplepr-0342,sampleu085,2025-03-16T04:45:46+03:00
samplepr-0343,sampleu084,2025-10-03T11:45:46+03:00
samplepr-0343,sampleu087,2025-10-03T11:45:46+03:00
samplepr-0344,sampleu086,2025-06-20T10:45:46+03:00
samplepr-0344,sampleu084,2025-06-20T10:45:46+03:00
samplepr-0345,sampleu082,2025-07-13T19:45:46+03:00
samplepr-0345,sampleu089,2025-07-13T19:45:46+03:00
samplepr-0346,sampleu086,2025-03-21T11:45:46+03:00
samplepr-0346,sampleu090,2025-03-21T11:45:46+03:00
samplepr-0347,sampleu088,2024-11-29T13:45:46+03:00
samplepr-0347,sampleu087,2024-11-29T13:45:46+03:00
samplepr-0348,sampleu085,2024-12-28T09:45:46+03:00
samplepr-0348,sampleu088,2024-12-28T09:45:46+03:00
samplepr-0349,sampleu090,2025-09-18T05:45:46+03:00
samplepr-0349,sampleu083,2025-09-18T05:45:46+03:00
samplepr-0350,sampleu082,2024-12-04T10:45:46+03:00
samplepr-0350,sampleu083,2024-12-04T10:45:46+03:00
samplepr-0351,sampleu090,2025-02-01T05:45:46+03:00
samplepr-0351,sampleu086,2025-02-01T05:45:46+03:00
samplepr-0352,sampleu086,2025-05-02T15:45:46+03:00
samplepr-0352,sampleu090,2025-05-02T15:45:46+03:00
samplepr-0353,sampleu090,2024-12-25T12:45:46+03:00
samplepr-0353,sampleu082,2024-12-25T12:45:46+03:00
samplepr-0354,sampleu086,2025-08-29T07:45:46+03:00
samplepr-0354,sampleu087,2025-08-29T07:45:46+03:00
samplepr-0355,sampleu082,2025-11-12T14:45:46+03:00
samplepr-0355,sampleu090,2025-11-12T14:45:46+03:00
samplepr-0356,sampleu090,2025-05-21T23:45:46+03:00
samplepr-0356,sampleu088,2025-05-21T23:45:46+03:00
samplepr-0357,sampleu087,2025-05-01T00:45:46+03:00
samplepr-0357,sampleu085,2025-05-01T00:45:46+03:00
samplepr-0358,sampleu089,2025-07-01T14:45:46+03:00
samplepr-0358,sampleu082,2025-07-01T14:45:46+03:00
samplepr-0359,sampleu083,2024-11-27T20:45:46+03:00
samplepr-0359,sampleu086,2024-11-27T20:45:46+03:00
samplepr-0360,sampleu086,2025-07-26T12:45:46+03:00
samplepr-0360,sampleu084,2025-07-26T12:45:46+03:00
samplepr-0361,sampleu089,2025-11-12T08:45:46+03:00
samplepr-0361,sampleu086,2025-11-12T08:45:46+03:00
samplepr-0362,sampleu083,2025-10-15T08:45:46+03:00
samplepr-0362,sampleu089,2025-10-15T08:45:46+03:00
samplepr-0363,sampleu087,2025-05-13T08:45:46+03:00
samplepr-0363,sampleu082,2025-05-13T08:45:46+03:00
samplepr-0364,sampleu085,2025-06-08T06:45:46+03:00
samplepr-0364,sampleu087,2025-06-08T06:45:46+03:00
samplepr-0365,sampleu089,2025-11-19T16:45:46+03:00
samplepr-0365,sampleu083,2025-11-19T16:45:46+03:00
samplepr-0366,sampleu082,2025-11-09T04:45:46+03:00
samplepr-0366,sampleu085,2025-11-09T04:45:46+03:00
samplepr-0367,sampleu083,2025-05-08T23:45:46+03:00
samplepr-0367,sampleu090,2025-05-08T23:45:46+03:00
samplepr-0368,sampleu087,2025-07-04T21:45:46+03:00
samplepr-0368,sampleu088,2025-07-04T21:45:46+03:00
samplepr-0369,sampleu083,2025-06-05T16:45:46+03:00
samplepr-0369,sampleu088,2025-06-05T16:45:46+03:00
samplepr-0370,sampleu084,2025-02-23T03:45:46+03:00
samplepr-0370,sampleu083,2025-02-23T03:45:46+03:00
samplepr-0371,sampleu083,2025-11-11T21:45:46+03:00
samplepr-0371,sampleu084,2025-11-11T21:45:46+03:00
samplepr-0372,sampleu084,2025-02-19T12:45:46+03:00
samplepr-0372,sampleu082,2025-02-19T12:45:46+03:00
samplepr-0373,sampleu084,2024-12-19T20:45:46+03:00
samplepr-0373,sampleu087,2024-12-19T20:45:46+03:00
samplepr-0374,sampleu082,2025-04-22T03:45:46+03:00
samplepr-0374,sampleu087,2025-04-22T03:45:46+03:00
samplepr-0375,sampleu100,2025-01-30T21:45:46+03:00
samplepr-0375,sampleu094,2025-01-30T21:45:46+03:00
samplepr-0376,sampleu095,2025-11-02T15:45:46+03:00
samplepr-0376,sampleu094,2025-11-02T15:45:46+03:00
samplepr-0377,sampleu097,2025-03-18T07:45:46+03:00
samplepr-0377,sampleu093,2025-03-18T07:45:46+03:00
samplepr-0378,sampleu098,2025-11-12T12:45:46+03:00
samplepr-0378,sampleu094,2025-11-12T12:45:46+03:00
samplepr-0379,sampleu095,2024-12-25T09:45:46+03:00
samplepr-0379,sampleu096,2024-12-25T09:45:46+03:00
samplepr-0380,sampleu094,2025-11-02T07:45:46+03:00
samplepr-0380,sampleu098,2025-11-02T07:45:46+03:00
samplepr-0381,sampleu098,2024-12-05T08:45:46+03:00
samplepr-0381,sampleu096,2024-12-05T08:45:46+03:00
samplepr-0382,sampleu096,2025-09-09T11:45:46+03:00
samplepr-0382,sampleu097,2025-09-09T11:45:46+03:00
samplepr-0383,sampleu094,2025-08-05T10:45:46+03:00
samplepr-0383,sampleu100,2025-08-05T10:45:46+03:00
samplepr-0384,sampleu092,2025-09-26T19:45:46+03:00
samplepr-0384,sampleu094,2025-09-26T19:45:46+03:00
samplepr-0385,sampleu099,2025-09-23T20:45:46+03:00
samplepr-0385,sampleu092,2025-09-23T20:45:46+03:00
samplepr-0386,sampleu095,2025-01-15T15:45:46+03:00
samplepr-0386,sampleu099,2025-01-15T15:45:46+03:00
samplepr-0387,sampleu099,2025-04-23T06:45:46+03:00
samplepr-0387,sampleu094,2025-04-23T06:45:46+03:00
samplepr-0388,sampleu093,2025-03-30T02:45:46+03:00
samplepr-0388,sampleu096,2025-03-30T02:45:46+03:00
samplepr-0389,sampleu098,2025-05-18T11:45:46+03:00
samplepr-0389,sampleu097,2025-05-18T11:45:46+03:00
samplepr-0390,sampleu100,2025-07-29T04:45:46+03:00
samplepr-0390,sampleu099,2025-07-29T04:45:46+03:00
samplepr-0391,sampleu095,2025-09-18T00:45:46+03:00
samplepr-0391,sampleu096,2025-09-18T00:45:46+03:00
samplepr-0392,sampleu100,2025-02-25T13:45:46+03:00
samplepr-0392,sampleu092,2025-02-25T13:45:46+03:00
samplepr-0393,sampleu100,2025-09-02T01:45:46+03:00
samplepr-0393,sampleu099,2025-09-02T01:45:46+03:00
samplepr-0394,sampleu099,2025-08-09T05:45:46+03:00
samplepr-0394,sampleu100,2025-08-09T05:45:46+03:00
samplepr-0395,sampleu098,2025-10-06T09:45:46+03:00
samplepr-0395,sampleu096,2025-10-06T09:45:46+03:00
samplepr-0396,sampleu093,2025-01-10T15:45:46+03:00
samplepr-0396,sampleu096,2025-01-10T15:45:46+03:00
samplepr-0397,sampleu093,2025-03-17T08:45:46+03:00
samplepr-0397,sampleu098,2025-03-17T08:45:46+03:00
samplepr-0398,sampleu097,2025-10-30T01:45:46+03:00
samplepr-0398,sampleu098,2025-10-30T01:45:46+03:00
samplepr-0399,sampleu099,2025-02-16T10:45:46+03:00
samplepr-0399,sampleu094,2025-02-16T10:45:46+03:00
samplepr-0400,sampleu095,2025-06-28T04:45:46+03:00
samplepr-0400,sampleu093,2025-06-28T04:45:46+03:00
samplepr-0401,sampleu099,2025-08-08T13:45:46+03:00
samplepr-0401,sampleu100,2025-08-08T13:45:46+03:00
samplepr-0402,sampleu096,2024-12-04T22:45:46+03:00
samplepr-0402,sampleu099,2024-12-04T22:45:46+03:00
samplepr-0403,sampleu098,2025-07-30T12:45:46+03:00
samplepr-0403,sampleu096,2025-07-30T12:45:46+03:00
samplepr-0404,sampleu099,2025-02-09T23:45:46+03:00
samplepr-0404,sampleu098,2025-02-09T23:45:46+03:00
samplepr-0405,sampleu093,2024-12-20T23:45:46+03:00
samplepr-0405,sampleu098,2024-12-20T23:45:46+03:00
samplepr-0406,sampleu094,2025-05-11T05:45:46+03:00
samplepr-0406,sampleu092,2025-05-11T05:45:46+03:00
samplepr-0407,sampleu099,2025-01-13T21:45:46+03:00
samplepr-0407,sampleu096,2025-01-13T21:45:46+03:00
samplepr-0408,sampleu093,2025-02-12T19:45:46+03:00
samplepr-0408,sampleu096,2025-02-12T19:45:46+03:00
samplepr-0409,sampleu097,2025-07-05T14:45:46+03:00
samplepr-0409,sampleu096,2025-07-05T14:45:46+03:00
samplepr-0410,sampleu094,2025-09-30T07:45:46+03:00
samplepr-0410,sampleu095,2025-09-30T07:45:46+03:00
samplepr-0411,sampleu100,2025-03-10T10:45:46+03:00
samplepr-0411,sampleu095,2025-03-10T10:45:46+03:00
samplepr-0412,sampleu094,2025-04-09T04:45:46+03:00
samplepr-0412,sampleu095,2025-04-09T04:45:46+03:00
samplepr-0413,sampleu093,2025-02-27T15:45:46+03:00
samplepr-0413,sampleu094,2025-02-27T15:45:46+03:00
samplepr-0414,sampleu100,2025-04-26T08:45:46+03:00
samplepr-0414,sampleu093,2025-04-26T08:45:46+03:00
samplepr-0415,sampleu098,2025-02-21T01:45:46+03:00
samplepr-0415,sampleu097,2025-02-21T01:45:46+03:00
samplepr-0416,sampleu095,2025-01-01T14:45:46+03:00
samplepr-0416,sampleu098,2025-01-01T14:45:46+03:00
samplepr-0417,sampleu093,2025-05-11T02:45:46+03:00
samplepr-0417,sampleu099,2025-05-11T02:45:46+03:00
samplepr-0418,sampleu092,2025-01-09T03:45:46+03:00
samplepr-0418,sampleu099,2025-01-09T03:45:46+03:00
samplepr-0419,sampleu094,2025-06-07T07:45:46+03:00
samplepr-0419,sampleu098,2025-06-07T07:45:46+03:00
samplepr-0420,sampleu094,2025-01-31T01:45:46+03:00
samplepr-0420,sampleu097,2025-01-31T01:45:46+03:00
samplepr-0421,sampleu103,2025-11-04T04:45:46+03:00
samplepr-0421,sampleu106,2025-11-04T04:45:46+03:00
samplepr-0422,sampleu109,2025-01-19T03:45:46+03:00
samplepr-0422,sampleu107,2025-01-19T03:45:46+03:00
samplepr-0423,sampleu103,2025-04-16T09:45:46+03:00
samplepr-0423,sampleu108,2025-04-16T09:45:46+03:00
samplepr-0424,sampleu105,2025-08-11T00:45:46+03:00
samplepr-0424,sampleu106,2025-08-11T00:45:46+03:00
samplepr-0425,sampleu110,2025-07-21T04:45:46+03:00
samplepr-0425,sampleu104,2025-07-21T04:45:46+03:00
samplepr-0426,sampleu104,2024-12-17T04:45:46+03:00
samplepr-0426,sampleu110,2024-12-17T04:45:46+03:00
samplepr-0427,sampleu101,2024-12-30T15:45:46+03:00
samplepr-0427,sampleu110,2024-12-30T15:45:46+03:00
samplepr-0428,sampleu108,2025-11-15T22:45:46+03:00
samplepr-0428,sampleu104,2025-11-15T22:45:46+03:00
samplepr-0429,sampleu110,2025-01-14T03:45:46+03:00
samplepr-0429,sampleu101,2025-01-14T03:45:46+03:00
samplepr-0430,sampleu106,2025-07-27T17:45:46+03:00
samplepr-0430,sampleu103,2025-07-27T17:45:46+03:00
samplepr-0431,sampleu104,2024-12-31T15:45:46+03:00
samplepr-0431,sampleu107,2024-12-31T15:45:46+03:00
samplepr-0432,sampleu102,2025-08-18T11:45:46+03:00
samplepr-0432,sampleu107,2025-08-18T11:45:46+03:00
samplepr-0433,sampleu101,2025-02-17T01:45:46+03:00
samplepr-0433,sampleu109,2025-02-17T01:45:46+03:00
samplepr-0434,sampleu102,2025-04-30T11:45:46+03:00
samplepr-0434,sampleu106,2025-04-30T11:45:46+03:00
samplepr-0435,sampleu106,2025-01-14T22:45:46+03:00
samplepr-0435,sampleu107,2025-01-14T22:45:46+03:00
samplepr-0436,sampleu103,2025-03-01T21:45:46+03:00
samplepr-0436,sampleu109,2025-03-01T21:45:46+03:00
samplepr-0437,sampleu103,2025-09-07T22:45:46+03:00
samplepr-0437,sampleu108,2025-09-07T22:45:46+03:00
samplepr-0438,sampleu106,2025-06-14T13:45:46+03:00
samplepr-0438,sampleu107,2025-06-14T13:45:46+03:00
samplepr-0439,sampleu109,2025-01-07T13:45:46+03:00
samplepr-0439,sampleu110,2025-01-07T13:45:46+03:00
samplepr-0440,sampleu103,2025-10-21T21:45:46+03:00
samplepr-0440,sampleu101,2025-10-21T21:45:46+03:00
samplepr-0441,sampleu101,2025-01-05T21:45:46+03:00
samplepr-0441,sampleu110,2025-01-05T21:45:46+03:00
samplepr-0442,sampleu108,2025-07-18T10:45:46+03:00
samplepr-0442,sampleu110,2025-07-18T10:45:46+03:00
samplepr-0443,sampleu109,2024-11-23T12:45:46+03:00
samplepr-0443,sampleu103,2024-11-23T12:45:46+03:00
samplepr-0444,sampleu104,2025-11-18T04:45:46+03:00
samplepr-0444,sampleu103,2025-11-18T04:45:46+03:00
samplepr-0445,sampleu109,2025-02-08T18:45:46+03:00
samplepr-0445,sampleu105,2025-02-08T18:45:46+03:00
samplepr-0446,sampleu105,2025-11-04T13:45:46+03:00
samplepr-0446,sampleu103,2025-11-04T13:45:46+03:00
samplepr-0447,sampleu103,2025-02-15T01:45:46+03:00
samplepr-0447,sampleu109,2025-02-15T01:45:46+03:00
samplepr-0448,sampleu105,2025-07-14T00:45:46+03:00
samplepr-0448,sampleu106,2025-07-14T00:45:46+03:00
samplepr-0449,sampleu105,2025-05-09T11:45:46+03:00
samplepr-0449,sampleu101,2025-05-09T11:45:46+03:00
samplepr-0450,sampleu103,2025-04-27T16:45:46+03:00
samplepr-0450,sampleu107,2025-04-27T16:45:46+03:00
samplepr-0451,sampleu104,2025-05-16T17:45:46+03:00
samplepr-0451,sampleu109,2025-05-16T17:45:46+03:00
samplepr-0452,sampleu104,2025-01-25T22:45:46+03:00
samplepr-0452,sampleu110,2025-01-25T22:45:46+03:00
samplepr-0453,sampleu102,2025-08-14T01:45:46+03:00
samplepr-0453,sampleu107,2025-08-14T01:45:46+03:00
samplepr-0454,sampleu101,2025-01-04T18:45:46+03:00
samplepr-0454,sampleu105,2025-01-04T18:45:46+03:00
samplepr-0455,sampleu108,2025-08-12T06:45:46+03:00
samplepr-0455,sampleu101,2025-08-12T06:45:46+03:00
samplepr-0456,sampleu102,2024-12-23T01:45:46+03:00
samplepr-0456,sampleu109,2024-12-23T01:45:46+03:00
samplepr-0457,sampleu102,2025-03-19T16:45:46+03:00
samplepr-0457,sampleu109,2025-03-19T16:45:46+03:00
samplepr-0458,sampleu101,2025-03-23T19:45:46+03:00
samplepr-0458,sampleu105,2025-03-23T19:45:46+03:00
samplepr-0459,sampleu105,2025-07-19T22:45:46+03:00
samplepr-0459,sampleu102,2025-07-19T22:45:46+03:00
samplepr-0460,sampleu116,2025-01-07T13:45:46+03:00
samplepr-0460,sampleu113,2025-01-07T13:45:46+03:00
samplepr-0461,sampleu114,2025-07-24T01:45:46+03:00
samplepr-0461,sampleu115,2025-07-24T01:45:46+03:00
samplepr-0462,sampleu115,2025-10-28T16:45:46+03:00
samplepr-0462,sampleu116,2025-10-28T16:45:46+03:00
samplepr-0463,sampleu120,2025-09-02T01:45:46+03:00
samplepr-0463,sampleu119,2025-09-02T01:45:46+03:00
samplepr-0464,sampleu116,2025-05-16T04:45:46+03:00
samplepr-0464,sampleu112,2025-05-16T04:45:46+03:00
samplepr-0465,sampleu113,2024-11-24T07:45:46+03:00
samplepr-0465,sampleu111,2024-11-24T07:45:46+03:00
samplepr-0466,sampleu117,2025-04-25T12:45:46+03:00
samplepr-0466,sampleu118,2025-04-25T12:45:46+03:00
samplepr-0467,sampleu116,2025-04-15T12:45:46+03:00
samplepr-0467,sampleu120,2025-04-15T12:45:46+03:00
samplepr-0468,sampleu115,2025-09-03T23:45:46+03:00
samplepr-0468,sampleu120,2025-09-03T23:45:46+03:00
samplepr-0469,sampleu116,2025-11-05T13:45:46+03:00
samplepr-0469,sampleu120,2025-11-05T13:45:46+03:00
samplepr-0470,sampleu112,2025-08-12T10:45:46+03:00
samplepr-0470,sampleu115,2025-08-12T10:45:46+03:00
samplepr-0471,sampleu112,2025-01-23T11:45:46+03:00
samplepr-0471,sampleu115,2025-01-23T11:45:46+03:00
samplepr-0472,sampleu120,2025-09-17T07:45:46+03:00
samplepr-0472,sampleu116,2025-09-17T07:45:46+03:00
samplepr-0473,sampleu118,2025-07-12T14:45:46+03:00
samplepr-0473,sampleu111,2025-07-12T14:45:46+03:00
samplepr-0474,sampleu118,2025-10-09T18:45:46+03:00
samplepr-0474,sampleu116,2025-10-09T18:45:46+03:00
samplepr-0475,sampleu116,2025-07-13T12:45:46+03:00
samplepr-0475,sampleu111,2025-07-13T12:45:46+03:00
samplepr-0476,sampleu118,2025-10-27T00:45:46+03:00
samplepr-0476,sampleu117,2025-10-27T00:45:46+03:00
samplepr-0477,sampleu111,2025-03-14T00:45:46+03:00
samplepr-0477,sampleu112,2025-03-14T00:45:46+03:00
samplepr-0478,sampleu118,2025-05-04T12:45:46+03:00
samplepr-0478,sampleu120,2025-05-04T12:45:46+03:00
samplepr-0479,sampleu111,2025-02-23T19:45:46+03:00
samplepr-0479,sampleu120,2025-02-23T19:45:46+03:00
samplepr-0480,sampleu117,2025-05-18T08:45:46+03:00
samplepr-0480,sampleu115,2025-05-18T08:45:46+03:00
samplepr-0481,sampleu114,2025-09-03T17:45:46+03:00
samplepr-0481,sampleu117,2025-09-03T17:45:46+03:00
samplepr-0482,sampleu118,2024-12-07T14:45:46+03:00
samplepr-0482,sampleu116,2024-12-07T14:45:46+03:00
samplepr-0483,sampleu115,2024-12-02T03:45:46+03:00
samplepr-0483,sampleu120,2024-12-02T03:45:46+03:00
samplepr-0484,sampleu113,2025-06-05T20:45:46+03:00
samplepr-0484,sampleu120,2025-06-05T20:45:46+03:00
samplepr-0485,sampleu118,2025-05-17T07:45:46+03:00
samplepr-0485,sampleu111,2025-05-17T07:45:46+03:00
samplepr-0486,sampleu116,2025-08-16T23:45:46+03:00
samplepr-0486,sampleu114,2025-08-16T23:45:46+03:00
samplepr-0487,sampleu117,2024-12-03T17:45:46+03:00
samplepr-0487,sampleu111,2024-12-03T17:45:46+03:00
samplepr-0488,sampleu120,2025-07-17T04:45:46+03:00
samplepr-0488,sampleu111,2025-07-17T04:45:46+03:00
samplepr-0489,sampleu112,2025-01-16T06:45:46+03:00
samplepr-0489,sampleu120,2025-01-16T06:45:46+03:00
samplepr-0490,sampleu111,2025-06-25T15:45:46+03:00
samplepr-0490,sampleu115,2025-06-25T15:45:46+03:00
samplepr-0491,sampleu120,2025-02-02T12:45:46+03:00
samplepr-0491,sampleu117,2025-02-02T12:45:46+03:00
samplepr-0492,sampleu112,2025-08-02T00:45:46+03:00
samplepr-0492,sampleu114,2025-08-02T00:45:46+03:00
samplepr-0493,sampleu114,2025-08-30T18:45:46+03:00
samplepr-0493,sampleu116,2025-08-30T18:45:46+03:00
samplepr-0494,sampleu117,2025-07-28T22:45:46+03:00
samplepr-0494,sampleu113,2025-07-28T22:45:46+03:00
samplepr-0495,sampleu112,2025-10-26T23:45:46+03:00
samplepr-0495,sampleu114,2025-10-26T23:45:46+03:00
samplepr-0496,sampleu112,2025-01-15T09:45:46+03:00
samplepr-0496,sampleu116,2025-01-15T09:45:46+03:00
samplepr-0497,sampleu116,2025-02-22T07:45:46+03:00
samplepr-0497,sampleu118,2025-02-22T07:45:46+03:00
samplepr-0498,sampleu127,2025-06-04T18:45:46+03:00
samplepr-0498,sampleu123,2025-06-04T18:45:46+03:00
samplepr-0499,sampleu124,2025-02-24T16:45:46+03:00
samplepr-0499,sampleu126,2025-02-24T16:45:46+03:00
samplepr-0500,sampleu125,2025-09-11T07:45:46+03:00
samplepr-0500,sampleu129,2025-09-11T07:45:46+03:00
samplepr-0501,sampleu129,2025-08-04T12:45:46+03:00
samplepr-0501,sampleu126,2025-08-04T12:45:46+03:00
samplepr-0502,sampleu123,2025-01-15T12:45:46+03:00
samplepr-0502,sampleu127,2025-01-15T12:45:46+03:00
samplepr-0503,sampleu126,2025-04-16T11:45:46+03:00
samplepr-0503,sampleu128,2025-04-16T11:45:46+03:00
samplepr-0504,sampleu126,2025-09-12T07:45:46+03:00
samplepr-0504,sampleu128,2025-09-12T07:45:46+03:00
samplepr-0505,sampleu127,2025-01-26T13:45:46+03:00
samplepr-0505,sampleu124,2025-01-26T13:45:46+03:00
samplepr-0506,sampleu129,2025-04-13T02:45:46+03:00
samplepr-0506,sampleu124,2025-04-13T02:45:46+03:00
samplepr-0507,sampleu130,2025-01-12T11:45:46+03:00
samplepr-0507,sampleu126,2025-01-12T11:45:46+03:00
samplepr-0508,sampleu124,2024-12-29T20:45:46+03:00
samplepr-0508,sampleu126,2024-12-29T20:45:46+03:00
samplepr-0509,sampleu127,2025-01-08T17:45:46+03:00
samplepr-0509,sampleu129,2025-01-08T17:45:46+03:00
samplepr-0510,sampleu129,2025-03-23T15:45:46+03:00
samplepr-0510,sampleu126,2025-03-23T15:45:46+03:00
samplepr-0511,sampleu130,2024-12-01T18:45:46+03:00
samplepr-0511,sampleu125,2024-12-01T18:45:46+03:00
samplepr-0512,sampleu125,2025-09-18T05:45:46+03:00
samplepr-0512,sampleu123,2025-09-18T05:45:46+03:00
samplepr-0513,sampleu127,2025-06-14T20:45:46+03:00
samplepr-0513,sampleu128,2025-06-14T20:45:46+03:00
samplepr-0514,sampleu122,2024-12-01T01:45:46+03:00
samplepr-0514,sampleu123,2024-12-01T01:45:46+03:00
samplepr-0515,sampleu123,2025-10-17T10:45:46+03:00
samplepr-0515,sampleu130,2025-10-17T10:45:46+03:00
samplepr-0516,sampleu129,2025-08-13T02:45:46+03:00
samplepr-0516,sampleu121,2025-08-13T02:45:46+03:00
samplepr-0517,sampleu129,2025-03-26T00:45:46+03:00
samplepr-0517,sampleu130,2025-03-26T00:45:46+03:00
samplepr-0518,sampleu130,2025-02-26T18:45:46+03:00
samplepr-0518,sampleu123,2025-02-26T18:45:46+03:00
samplepr-0519,sampleu123,2025-02-03T01:45:46+03:00
samplepr-0519,sampleu126,2025-02-03T01:45:46+03:00
samplepr-0520,sampleu121,2025-10-19T05:45:46+03:00
samplepr-0520,sampleu128,2025-10-19T05:45:46+03:00
samplepr-0521,sampleu123,2025-05-01T17:45:46+03:00
samplepr-0521,sampleu130,2025-05-01T17:45:46+03:00
samplepr-0522,sampleu122,2025-10-15T18:45:46+03:00
samplepr-0522,sampleu129,2025-10-15T18:45:46+03:00
samplepr-0523,sampleu130,2025-05-07T12:45:46+03:00
samplepr-0523,sampleu124,2025-05-07T12:45:46+03:00
samplepr-0524,sampleu124,2025-10-18T18:45:46+03:00
samplepr-0524,sampleu127,2025-10-18T18:45:46+03:00
samplepr-0525,sampleu121,2025-02-06T14:45:46+03:00
samplepr-0525,sampleu129,2025-02-06T14:45:46+03:00
samplepr-0526,sampleu129,2025-04-18T14:45:46+03:00
samplepr-0526,sampleu125,2025-04-18T14:45:46+03:00
samplepr-0527,sampleu130,2025-01-25T09:45:46+03:00
samplepr-0527,sampleu123,2025-01-25T09:45:46+03:00
samplepr-0528,sampleu130,2025-05-02T11:45:46+03:00
samplepr-0528,sampleu126,2025-05-02T11:45:46+03:00
samplepr-0529,sampleu128,2025-04-04T20:45:46+03:00
samplepr-0529,sampleu122,2025-04-04T20:45:46+03:00
samplepr-0530,sampleu129,2025-02-22T03:45:46+03:00
samplepr-0530,sampleu127,2025-02-22T03:45:46+03:00
samplepr-0531,sampleu127,2025-04-04T15:45:46+03:00
samplepr-0531,sampleu130,2025-04-04T15:45:46+03:00
samplepr-0532,sampleu129,2024-12-23T18:45:46+03:00
samplepr-0532,sampleu121,2024-12-23T18:45:46+03:00
samplepr-0533,sampleu122,2025-01-31T15:45:46+03:00
samplepr-0533,sampleu126,2025-01-31T15:45:46+03:00
samplepr-0534,sampleu124,2025-09-23T20:45:46+03:00
samplepr-0534,sampleu127,2025-09-23T20:45:46+03:00
samplepr-0535,sampleu122,2025-06-07T11:45:46+03:00
samplepr-0535,sampleu121,2025-06-07T11:45:46+03:00
samplepr-0536,sampleu122,2025-08-11T13:45:46+03:00
samplepr-0536,sampleu121,2025-08-11T13:45:46+03:00
samplepr-0537,sampleu124,2025-02-07T16:45:46+03:00
samplepr-0537,sampleu122,2025-02-07T16:45:46+03:00
samplepr-0538,sampleu130,2025-05-30T08:45:46+03:00
samplepr-0538,sampleu127,2025-05-30T08:45:46+03:00
samplepr-0539,sampleu127,2025-06-24T14:45:46+03:00
samplepr-0539,sampleu126,2025-06-24T14:45:46+03:00
samplepr-0540,sampleu126,2025-01-01T17:45:46+03:00
samplepr-0540,sampleu123,2025-01-01T17:45:46+03:00
samplepr-0541,sampleu124,2025-05-01T22:45:46+03:00
samplepr-0541,sampleu125,2025-05-01T22:45:46+03:00
samplepr-0542,sampleu136,2025-07-09T23:45:46+03:00
samplepr-0542,sampleu138,2025-07-09T23:45:46+03:00
samplepr-0543,sampleu137,2025-04-11T05:45:46+03:00
samplepr-0543,sampleu140,2025-04-11T05:45:46+03:00
samplepr-0544,sampleu139,2025-08-31T21:45:46+03:00
samplepr-0544,sampleu137,2025-08-31T21:45:46+03:00
samplepr-0545,sampleu138,2025-02-04T22:45:46+03:00
samplepr-0545,sampleu139,2025-02-04T22:45:46+03:00
samplepr-0546,sampleu139,2025-01-17T22:45:46+03:00
samplepr-0546,sampleu137,2025-01-17T22:45:46+03:00
samplepr-0547,sampleu131,2025-08-24T09:45:46+03:00
samplepr-0547,sampleu135,2025-08-24T09:45:46+03:00
samplepr-0548,sampleu136,2025-04-09T12:45:46+03:00
samplepr-0548,sampleu135,2025-04-09T12:45:46+03:00
samplepr-0549,sampleu135,2025-04-01T02:45:46+03:00
samplepr-0549,sampleu136,2025-04-01T02:45:46+03:00
samplepr-0550,sampleu132,2025-02-17T23:45:46+03:00
samplepr-0550,sampleu138,2025-02-17T23:45:46+03:00
samplepr-0551,sampleu131,2025-01-06T22:45:46+03:00
samplepr-0551,sampleu140,2025-01-06T22:45:46+03:00
samplepr-0552,sampleu136,2024-12-11T15:45:46+03:00
samplepr-0552,sampleu131,2024-12-11T15:45:46+03:00
samplepr-0553,sampleu134,2025-09-05T17:45:46+03:00
samplepr-0553,sampleu137,2025-09-05T17:45:46+03:00
samplepr-0554,sampleu139,2025-11-20T00:45:46+03:00
samplepr-0554,sampleu132,2025-11-20T00:45:46+03:00
samplepr-0555,sampleu133,2025-05-28T20:45:46+03:00
samplepr-0555,sampleu136,2025-05-28T20:45:46+03:00
samplepr-0556,sampleu132,2025-02-17T07:45:46+03:00
samplepr-0556,sampleu133,2025-02-17T07:45:46+03:00
samplepr-0557,sampleu139,2025-08-11T20:45:46+03:00
samplepr-0557,sampleu138,2025-08-11T20:45:46+03:00
samplepr-0558,sampleu140,2024-12-02T09:45:46+03:00
samplepr-0558,sampleu134,2024-12-02T09:45:46+03:00
samplepr-0559,sampleu136,2025-10-09T17:45:46+03:00
samplepr-0559,sampleu137,2025-10-09T17:45:46+03:00
samplepr-0560,sampleu138,2025-02-04T20:45:46+03:00
samplepr-0560,sampleu133,2025-02-04T20:45:46+03:00
samplepr-0561,sampleu140,2025-03-25T18:45:46+03:00
samplepr-0561,sampleu137,2025-03-25T18:45:46+03:00
samplepr-0562,sampleu135,2024-12-25T15:45:46+03:00
samplepr-0562,sampleu140,2024-12-25T15:45:46+03:00
samplepr-0563,sampleu137,2025-02-05T20:45:46+03:00
samplepr-0563,sampleu131,2025-02-05T20:45:46+03:00
samplepr-0564,sampleu132,2024-12-16T15:45:46+03:00
samplepr-0564,sampleu139,2024-12-16T15:45:46+03:00
samplepr-0565,sampleu139,2025-09-01T02:45:46+03:00
samplepr-0565,sampleu134,2025-09-01T02:45:46+03:00
samplepr-0566,sampleu131,2025-03-19T17:45:46+03:00
samplepr-0566,sampleu138,2025-03-19T17:45:46+03:00
samplepr-0567,sampleu132,2025-07-15T16:45:46+03:00
samplepr-0567,sampleu136,2025-07-15T16:45:46+03:00
samplepr-0568,sampleu133,2025-05-20T13:45:46+03:00
samplepr-0568,sampleu131,2025-05-20T13:45:46+03:00
samplepr-0569,sampleu136,2025-08-30T09:45:46+03:00
samplepr-0569,sampleu131,2025-08-30T09:45:46+03:00
samplepr-0570,sampleu133,2025-08-19T18:45:46+03:00
samplepr-0570,sampleu139,2025-08-19T18:45:46+03:00
samplepr-0571,sampleu131,2025-11-21T09:45:46+03:00
samplepr-0571,sampleu139,2025-11-21T09:45:46+03:00
samplepr-0572,sampleu136,2025-11-22T16:45:46+03:00
samplepr-0572,sampleu139,2025-11-22T16:45:46+03:00
samplepr-0573,sampleu137,2025-07-16T17:45:46+03:00
samplepr-0573,sampleu139,2025-07-16T17:45:46+03:00
samplepr-0574,sampleu137,2025-10-25T04:45:46+03:00
samplepr-0574,sampleu138,2025-10-25T04:45:46+03:00
samplepr-0575,sampleu134,2025-05-05T07:45:46+03:00
samplepr-0575,sampleu137,2025-05-05T07:45:46+03:00
samplepr-0576,sampleu135,2025-05-15T09:45:46+03:00
samplepr-0576,sampleu131,2025-05-15T09:45:46+03:00
samplepr-0577,sampleu133,2025-11-14T21:45:46+03:00
samplepr-0577,sampleu137,2025-11-14T21:45:46+03:00
samplepr-0578,sampleu139,2025-02-15T02:45:46+03:00
samplepr-0578,sampleu138,2025-02-15T02:45:46+03:00
samplepr-0579,sampleu133,2024-12-14T09:45:46+03:00
samplepr-0579,sampleu139,2024-12-14T09:45:46+03:00
samplepr-0580,sampleu149,2025-10-03T13:45:46+03:00
samplepr-0580,sampleu143,2025-10-03T13:45:46+03:00
samplepr-0581,sampleu142,2025-05-08T16:45:46+03:00
samplepr-0581,sampleu147,2025-05-08T16:45:46+03:00
samplepr-0582,sampleu144,2025-04-06T19:45:46+03:00
samplepr-0582,sampleu145,2025-04-06T19:45:46+03:00
samplepr-0583,sampleu144,2025-09-13T16:45:46+03:00
samplepr-0583,sampleu147,2025-09-13T16:45:46+03:00
samplepr-0584,sampleu147,2025-11-21T09:45:46+03:00
samplepr-0584,sampleu143,2025-11-21T09:45:46+03:00
samplepr-0585,sampleu143,2025-08-21T23:45:46+03:00
samplepr-0585,sampleu141,2025-08-21T23:45:46+03:00
samplepr-0586,sampleu144,2025-05-08T10:45:46+03:00
samplepr-0586,sampleu148,2025-05-08T10:45:46+03:00
samplepr-0587,sampleu144,2025-07-04T16:45:46+03:00
samplepr-0587,sampleu141,2025-07-04T16:45:46+03:00
samplepr-0588,sampleu141,2025-01-28T20:45:46+03:00
samplepr-0588,sampleu145,2025-01-28T20:45:46+03:00
samplepr-0589,sampleu146,2025-01-05T02:45:46+03:00
samplepr-0589,sampleu150,2025-01-05T02:45:46+03:00
samplepr-0590,sampleu144,2025-07-05T18:45:46+03:00
samplepr-0590,sampleu148,2025-07-05T18:45:46+03:00
samplepr-0591,sampleu146,2024-12-12T21:45:46+03:00
samplepr-0591,sampleu144,2024-12-12T21:45:46+03:00
samplepr-0592,sampleu141,2025-10-15T12:45:46+03:00
samplepr-0592,sampleu145,2025-10-15T12:45:46+03:00
samplepr-0593,sampleu145,2025-03-08T21:45:46+03:00
samplepr-0593,sampleu148,2025-03-08T21:45:46+03:00
samplepr-0594,sampleu148,2025-04-01T05:45:46+03:00
samplepr-0594,sampleu146,2025-04-01T05:45:46+03:00
samplepr-0595,sampleu143,2025-09-27T04:45:46+03:00
samplepr-0595,sampleu149,2025-09-27T04:45:46+03:00
samplepr-0596,sampleu146,2025-04-18T02:45:46+03:00
samplepr-0596,sampleu147,2025-04-18T02:45:46+03:00
samplepr-0597,sampleu150,2025-04-15T08:45:46+03:00
samplepr-0597,sampleu144,2025-04-15T08:45:46+03:00
samplepr-0598,sampleu146,2025-10-07T19:45:46+03:00
samplepr-0598,sampleu148,2025-10-07T19:45:46+03:00
samplepr-0599,sampleu147,2025-11-20T17:45:46+03:00
samplepr-0599,sampleu143,2025-11-20T17:45:46+03:00
samplepr-0600,sampleu150,2025-09-08T02:45:46+03:00
samplepr-0600,sampleu146,2025-09-08T02:45:46+03:00
samplepr-0601,sampleu145,2025-03-07T04:45:46+03:00
samplepr-0601,sampleu150,2025-03-07T04:45:46+03:00
samplepr-0602,sampleu144,2025-05-15T07:45:46+03:00
samplepr-0602,sampleu147,2025-05-15T07:45:46+03:00
samplepr-0603,sampleu144,2025-01-16T08:45:46+03:00
samplepr-0603,sampleu147,2025-01-16T08:45:46+03:00
samplepr-0604,sampleu147,2025-02-08T13:45:46+03:00
samplepr-0604,sampleu144,2025-02-08T13:45:46+03:00
samplepr-0605,sampleu144,2025-01-30T21:45:46+03:00
samplepr-0605,sampleu141,2025-01-30T21:45:46+03:00
samplepr-0606,sampleu146,2025-10-27T16:45:46+03:00
samplepr-0606,sampleu142,2025-10-27T16:45:46+03:00
samplepr-0607,sampleu142,2024-12-07T10:45:46+03:00
samplepr-0607,sampleu144,2024-12-07T10:45:46+03:00
samplepr-0608,sampleu145,2025-04-30T01:45:46+03:00
samplepr-0608,sampleu141,2025-04-30T01:45:46+03:00
samplepr-0609,sampleu143,2025-03-03T17:45:46+03:00
samplepr-0609,sampleu145,2025-03-03T17:45:46+03:00
samplepr-0610,sampleu142,2025-11-07T22:45:46+03:00
samplepr-0610,sampleu143,2025-11-07T22:45:46+03:00
samplepr-0611,sampleu146,2025-05-27T23:45:46+03:00
samplepr-0611,sampleu145,2025-05-27T23:45:46+03:00
samplepr-0612,sampleu145,2025-02-18T17:45:46+03:00
samplepr-0612,sampleu143,2025-02-18T17:45:46+03:00
samplepr-0613,sampleu143,2025-07-10T01:45:46+03:00
samplepr-0613,sampleu150,2025-07-10T01:45:46+03:00
samplepr-0614,sampleu144,2025-08-28T22:45:46+03:00
samplepr-0614,sampleu147,2025-08-28T22:45:46+03:00
samplepr-0615,sampleu144,2025-07-09T15:45:46+03:00
samplepr-0615,sampleu143,2025-07-09T15:45:46+03:00
samplepr-0616,sampleu147,2025-11-23T00:45:46+03:00
samplepr-0616,sampleu144,2025-11-23T00:45:46+03:00
samplepr-0617,sampleu147,2025-02-22T22:45:46+03:00
samplepr-0617,sampleu148,2025-02-22T22:45:46+03:00
samplepr-0618,sampleu146,2025-11-05T22:45:46+03:00
samplepr-0618,sampleu147,2025-11-05T22:45:46+03:00
samplepr-0619,sampleu143,2025-02-22T06:45:46+03:00
samplepr-0619,sampleu142,2025-02-22T06:45:46+03:00
samplepr-0620,sampleu146,2025-10-27T08:45:46+03:00
samplepr-0620,sampleu141,2025-10-27T08:45:46+03:00
samplepr-0621,sampleu147,2025-01-13T07:45:46+03:00
samplepr-0621,sampleu148,2025-01-13T07:45:46+03:00
samplepr-0622,sampleu143,2024-12-27T19:45:46+03:00
samplepr-0622,sampleu141,2024-12-27T19:45:46+03:00
samplepr-0623,sampleu152,2025-10-03T14:45:46+03:00
samplepr-0623,sampleu153,2025-10-03T14:45:46+03:00
samplepr-0624,sampleu158,2025-03-14T17:45:46+03:00
samplepr-0624,sampleu159,2025-03-14T17:45:46+03:00
samplepr-0625,sampleu155,2025-09-26T09:45:46+03:00
samplepr-0625,sampleu159,2025-09-26T09:45:46+03:00
samplepr-0626,sampleu159,2025-04-20T14:45:46+03:00
samplepr-0626,sampleu151,2025-04-20T14:45:46+03:00
samplepr-0627,sampleu153,2025-07-03T01:45:46+03:00
samplepr-0627,sampleu156,2025-07-03T01:45:46+03:00
samplepr-0628,sampleu154,2025-10-06T11:45:46+03:00
samplepr-0628,sampleu156,2025-10-06T11:45:46+03:00
samplepr-0629,sampleu159,2025-11-04T04:45:46+03:00
samplepr-0629,sampleu151,2025-11-04T04:45:46+03:00
samplepr-0630,sampleu151,2025-04-19T00:45:46+03:00
samplepr-0630,sampleu157,2025-04-19T00:45:46+03:00
samplepr-0631,sampleu157,2024-12-16T16:45:46+03:00
samplepr-0631,sampleu155,2024-12-16T16:45:46+03:00
samplepr-0632,sampleu153,2025-06-23T06:45:46+03:00
samplepr-0632,sampleu160,2025-06-23T06:45:46+03:00
samplepr-0633,sampleu157,2024-12-27T13:45:46+03:00
samplepr-0633,sampleu155,2024-12-27T13:45:46+03:00
samplepr-0634,sampleu158,2025-05-27T10:45:46+03:00
samplepr-0634,sampleu156,2025-05-27T10:45:46+03:00
samplepr-0635,sampleu156,2025-02-16T06:45:46+03:00
samplepr-0635,sampleu154,2025-02-16T06:45:46+03:00
samplepr-0636,sampleu160,2025-09-09T02:45:46+03:00
samplepr-0636,sampleu153,2025-09-09T02:45:46+03:00
samplepr-0637,sampleu158,2025-05-10T06:45:46+03:00
samplepr-0637,sampleu157,2025-05-10T06:45:46+03:00
samplepr-0638,sampleu153,2025-05-13T02:45:46+03:00
samplepr-0638,sampleu156,2025-05-13T02:45:46+03:00
samplepr-0639,sampleu153,2025-08-31T19:45:46+03:00
samplepr-0639,sampleu160,2025-08-31T19:45:46+03:00
samplepr-0640,sampleu152,2025-05-09T18:45:46+03:00
samplepr-0640,sampleu154,2025-05-09T18:45:46+03:00
samplepr-0641,sampleu157,2024-12-31T01:45:46+03:00
samplepr-0641,sampleu160,2024-12-31T01:45:46+03:00
samplepr-0642,sampleu154,2025-07-22T02:45:46+03:00
samplepr-0642,sampleu153,2025-07-22T02:45:46+03:00
samplepr-0643,sampleu151,2025-07-29T02:45:46+03:00
samplepr-0643,sampleu155,2025-07-29T02:45:46+03:00
samplepr-0644,sampleu153,2025-10-07T08:45:46+03:00
samplepr-0644,sampleu154,2025-10-07T08:45:46+03:00
samplepr-0645,sampleu156,2025-08-27T07:45:46+03:00
samplepr-0645,sampleu155,2025-08-27T07:45:46+03:00
samplepr-0646,sampleu155,2025-09-21T09:45:46+03:00
samplepr-0646,sampleu160,2025-09-21T09:45:46+03:00
samplepr-0647,sampleu151,2025-04-16T06:45:46+03:00
samplepr-0647,sampleu159,2025-04-16T06:45:46+03:00
samplepr-0648,sampleu152,2024-12-04T17:45:46+03:00
samplepr-0648,sampleu160,2024-12-04T17:45:46+03:00
samplepr-0649,sampleu151,2025-02-16T14:45:46+03:00
samplepr-0649,sampleu155,2025-02-16T14:45:46+03:00
samplepr-0650,sampleu151,2024-12-07T16:45:46+03:00
samplepr-0650,sampleu154,2024-12-07T16:45:46+03:00
samplepr-0651,sampleu159,2025-08-03T07:45:46+03:00
samplepr-0651,sampleu153,2025-08-03T07:45:46+03:00
samplepr-0652,sampleu154,2025-09-19T07:45:46+03:00
samplepr-0652,sampleu151,2025-09-19T07:45:46+03:00
samplepr-0653,sampleu158,2025-05-04T13:45:46+03:00
samplepr-0653,sampleu155,2025-05-04T13:45:46+03:00
samplepr-0654,sampleu151,2024-12-01T01:45:46+03:00
samplepr-0654,sampleu155,2024-12-01T01:45:46+03:00
samplepr-0655,sampleu153,2025-01-01T01:45:46+03:00
samplepr-0655,sampleu154,2025-01-01T01:45:46+03:00
samplepr-0656,sampleu153,2025-08-13T17:45:46+03:00
samplepr-0656,sampleu155,2025-08-13T17:45:46+03:00
samplepr-0657,sampleu157,2025-09-08T23:45:46+03:00
samplepr-0657,sampleu152,2025-09-08T23:45:46+03:00
samplepr-0658,sampleu158,2025-07-30T15:45:46+03:00
samplepr-0658,sampleu157,2025-07-30T15:45:46+03:00
samplepr-0659,sampleu158,2025-08-04T16:45:46+03:00
samplepr-0659,sampleu156,2025-08-04T16:45:46+03:00
samplepr-0660,sampleu166,2025-03-30T20:45:46+03:00
samplepr-0660,sampleu165,2025-03-30T20:45:46+03:00
samplepr-0661,sampleu163,2024-12-08T00:45:46+03:00
samplepr-0661,sampleu169,2024-12-08T00:45:46+03:00
samplepr-0662,sampleu164,2025-07-21T15:45:46+03:00
samplepr-0662,sampleu170,2025-07-21T15:45:46+03:00
samplepr-0663,sampleu166,2024-12-04T13:45:46+03:00
samplepr-0663,sampleu164,2024-12-04T13:45:46+03:00
samplepr-0664,sampleu164,2025-01-03T16:45:46+03:00
samplepr-0664,sampleu169,2025-01-03T16:45:46+03:00
samplepr-0665,sampleu167,2025-07-24T20:45:46+03:00
samplepr-0665,sampleu163,2025-07-24T20:45:46+03:00
samplepr-0666,sampleu169,2025-11-12T22:45:46+03:00
samplepr-0666,sampleu161,2025-11-12T22:45:46+03:00
samplepr-0667,sampleu169,2025-04-12T23:45:46+03:00
samplepr-0667,sampleu161,2025-04-12T23:45:46+03:00
samplepr-0668,sampleu169,2025-10-07T08:45:46+03:00
samplepr-0668,sampleu168,2025-10-07T08:45:46+03:00
samplepr-0669,sampleu165,2025-10-21T13:45:46+03:00
samplepr-0669,sampleu167,2025-10-21T13:45:46+03:00
samplepr-0670,sampleu170,2025-03-14T06:45:46+03:00
samplepr-0670,sampleu165,2025-03-14T06:45:46+03:00
samplepr-0671,sampleu168,2025-04-27T05:45:46+03:00
samplepr-0671,sampleu169,2025-04-27T05:45:46+03:00
samplepr-0672,sampleu170,2025-03-02T01:45:46+03:00
samplepr-0672,sampleu166,2025-03-02T01:45:46+03:00
samplepr-0673,sampleu166,2025-09-26T13:45:46+03:00
samplepr-0673,sampleu163,2025-09-26T13:45:46+03:00
samplepr-0674,sampleu162,2025-09-22T07:45:46+03:00
samplepr-0674,sampleu167,2025-09-22T07:45:46+03:00
samplepr-0675,sampleu168,2025-01-11T17:45:46+03:00
samplepr-0675,sampleu170,2025-01-11T17:45:46+03:00
samplepr-0676,sampleu168,2025-05-13T08:45:46+03:00
samplepr-0676,sampleu169,2025-05-13T08:45:46+03:00
samplepr-0677,sampleu163,2025-03-17T03:45:46+03:00
samplepr-0677,sampleu168,2025-03-17T03:45:46+03:00
samplepr-0678,sampleu161,2025-08-27T09:45:46+03:00
samplepr-0678,sampleu166,2025-08-27T09:45:46+03:00
samplepr-0679,sampleu162,2025-09-05T11:45:46+03:00
samplepr-0679,sampleu161,2025-09-05T11:45:46+03:00
samplepr-0680,sampleu166,2025-03-04T10:45:46+03:00
samplepr-0680,sampleu167,2025-03-04T10:45:46+03:00
samplepr-0681,sampleu166,2025-02-19T00:45:46+03:00
samplepr-0681,sampleu164,2025-02-19T00:45:46+03:00
samplepr-0682,sampleu163,2025-01-17T14:45:46+03:00
samplepr-0682,sampleu162,2025-01-17T14:45:46+03:00
samplepr-0683,sampleu164,2025-01-30T02:45:46+03:00
samplepr-0683,sampleu167,2025-01-30T02:45:46+03:00
samplepr-0684,sampleu167,2025-10-15T11:45:46+03:00
samplepr-0684,sampleu164,2025-10-15T11:45:46+03:00
samplepr-0685,sampleu169,2025-08-04T05:45:46+03:00
samplepr-0685,sampleu164,2025-08-04T05:45:46+03:00
samplepr-0686,sampleu164,2025-06-26T07:45:46+03:00
samplepr-0686,sampleu167,2025-06-26T07:45:46+03:00
samplepr-0687,sampleu169,2025-06-27T04:45:46+03:00
samplepr-0687,sampleu161,2025-06-27T04:45:46+03:00
samplepr-0688,sampleu163,2025-09-07T06:45:46+03:00
samplepr-0688,sampleu168,2025-09-07T06:45:46+03:00
samplepr-0689,sampleu164,2025-07-11T07:45:46+03:00
samplepr-0689,sampleu162,2025-07-11T07:45:46+03:00
samplepr-0690,sampleu165,2025-06-15T23:45:46+03:00
samplepr-0690,sampleu162,2025-06-15T23:45:46+03:00
samplepr-0691,sampleu170,2025-10-18T14:45:46+03:00
samplepr-0691,sampleu163,2025-10-18T14:45:46+03:00
samplepr-0692,sampleu166,2025-07-28T03:45:46+03:00
samplepr-0692,sampleu169,2025-07-28T03:45:46+03:00
samplepr-0693,sampleu163,2025-03-26T14:45:46+03:00
samplepr-0693,sampleu162,2025-03-26T14:45:46+03:00
samplepr-0694,sampleu165,2025-07-13T23:45:46+03:00
samplepr-0694,sampleu161,2025-07-13T23:45:46+03:00
samplepr-0695,sampleu167,2025-09-18T11:45:46+03:00
samplepr-0695,sampleu166,2025-09-18T11:45:46+03:00
samplepr-0696,sampleu161,2025-08-09T20:45:46+03:00
samplepr-0696,sampleu167,2025-08-09T20:45:46+03:00
samplepr-0697,sampleu170,2025-01-13T21:45:46+03:00
samplepr-0697,sampleu168,2025-01-13T21:45:46+03:00
samplepr-0698,sampleu164,2025-01-29T14:45:46+03:00
samplepr-0698,sampleu163,2025-01-29T14:45:46+03:00
samplepr-0699,sampleu167,2025-01-31T03:45:46+03:00
samplepr-0699,sampleu165,2025-01-31T03:45:46+03:00
samplepr-0700,sampleu166,2025-10-27T16:45:46+03:00
samplepr-0700,sampleu170,2025-10-27T16:45:46+03:00
samplepr-0701,sampleu164,2024-11-23T17:45:46+03:00
samplepr-0701,sampleu169,2024-11-23T17:45:46+03:00
samplepr-0702,sampleu167,2025-03-07T07:45:46+03:00
samplepr-0702,sampleu164,2025-03-07T07:45:46+03:00
samplepr-0703,sampleu165,2025-01-06T22:45:46+03:00
samplepr-0703,sampleu161,2025-01-06T22:45:46+03:00
samplepr-0704,sampleu177,2025-02-14T07:45:46+03:00
samplepr-0704,sampleu176,2025-02-14T07:45:46+03:00
samplepr-0705,sampleu178,2025-04-16T11:45:46+03:00
samplepr-0705,sampleu174,2025-04-16T11:45:46+03:00
samplepr-0706,sampleu173,2025-11-04T23:45:46+03:00
samplepr-0706,sampleu175,2025-11-04T23:45:46+03:00
samplepr-0707,sampleu173,2025-07-05T14:45:46+03:00
samplepr-0707,sampleu177,2025-07-05T14:45:46+03:00
samplepr-0708,sampleu179,2025-07-21T20:45:46+03:00
samplepr-0708,sampleu180,2025-07-21T20:45:46+03:00
samplepr-0709,sampleu173,2025-02-10T23:45:46+03:00
samplepr-0709,sampleu180,2025-02-10T23:45:46+03:00
samplepr-0710,sampleu171,2025-06-18T12:45:46+03:00
samplepr-0710,sampleu179,2025-06-18T12:45:46+03:00
samplepr-0711,sampleu177,2024-12-31T04:45:46+03:00
samplepr-0711,sampleu173,2024-12-31T04:45:46+03:00
samplepr-0712,sampleu174,2024-12-01T08:45:46+03:00
samplepr-0712,sampleu179,2024-12-01T08:45:46+03:00
samplepr-0713,sampleu179,2025-06-08T11:45:46+03:00
samplepr-0713,sampleu180,2025-06-08T11:45:46+03:00
samplepr-0714,sampleu171,2025-02-15T04:45:46+03:00
samplepr-0714,sampleu178,2025-02-15T04:45:46+03:00
samplepr-0715,sampleu178,2025-09-20T03:45:46+03:00
samplepr-0715,sampleu172,2025-09-20T03:45:46+03:00
samplepr-0716,sampleu176,2025-08-11T16:45:46+03:00
samplepr-0716,sampleu175,2025-08-11T16:45:46+03:00
samplepr-0717,sampleu176,2025-03-12T17:45:46+03:00
samplepr-0717,sampleu179,2025-03-12T17:45:46+03:00
samplepr-0718,sampleu171,2025-01-15T19:45:46+03:00
samplepr-0718,sampleu173,2025-01-15T19:45:46+03:00
samplepr-0719,sampleu172,2025-03-12T09:45:46+03:00
samplepr-0719,sampleu177,2025-03-12T09:45:46+03:00
samplepr-0720,sampleu173,2025-05-21T22:45:46+03:00
samplepr-0720,sampleu172,2025-05-21T22:45:46+03:00
samplepr-0721,sampleu171,2025-01-26T23:45:46+03:00
samplepr-0721,sampleu174,2025-01-26T23:45:46+03:00
samplepr-0722,sampleu173,2025-04-27T19:45:46+03:00
samplepr-0722,sampleu176,2025-04-27T19:45:46+03:00
samplepr-0723,sampleu171,2025-07-09T07:45:46+03:00
samplepr-0723,sampleu177,2025-07-09T07:45:46+03:00
samplepr-0724,sampleu178,2024-12-05T13:45:46+03:00
samplepr-0724,sampleu177,2024-12-05T13:45:46+03:00
samplepr-0725,sampleu171,2025-06-17T14:45:46+03:00
samplepr-0725,sampleu172,2025-06-17T14:45:46+03:00
samplepr-0726,sampleu173,2025-01-18T13:45:46+03:00
samplepr-0726,sampleu171,2025-01-18T13:45:46+03:00
samplepr-0727,sampleu171,2025-01-02T07:45:46+03:00
samplepr-0727,sampleu176,2025-01-02T07:45:46+03:00
samplepr-0728,sampleu178,2025-01-20T15:45:46+03:00
samplepr-0728,sampleu173,2025-01-20T15:45:46+03:00
samplepr-0729,sampleu180,2025-10-08T18:45:46+03:00
samplepr-0729,sampleu172,2025-10-08T18:45:46+03:00
samplepr-0730,sampleu177,2025-03-16T01:45:46+03:00
samplepr-0730,sampleu172,2025-03-16T01:45:46+03:00
samplepr-0731,sampleu180,2025-01-30T13:45:46+03:00
samplepr-0731,sampleu174,2025-01-30T13:45:46+03:00
samplepr-0732,sampleu179,2025-06-05T04:45:46+03:00
samplepr-0732,sampleu180,2025-06-05T04:45:46+03:00
samplepr-0733,sampleu175,2025-04-28T03:45:46+03:00
samplepr-0733,sampleu171,2025-04-28T03:45:46+03:00
samplepr-0734,sampleu180,2025-04-17T13:45:46+03:00
samplepr-0734,sampleu176,2025-04-17T13:45:46+03:00
samplepr-0735,sampleu172,2025-07-04T09:45:46+03:00
samplepr-0735,sampleu171,2025-07-04T09:45:46+03:00
samplepr-0736,sampleu173,2024-12-26T01:45:46+03:00
samplepr-0736,sampleu177,2024-12-26T01:45:46+03:00
samplepr-0737,sampleu173,2025-07-20T13:45:46+03:00
samplepr-0737,sampleu171,2025-07-20T13:45:46+03:00
samplepr-0738,sampleu171,2025-08-02T22:45:46+03:00
samplepr-0738,sampleu172,2025-08-02T22:45:46+03:00
samplepr-0739,sampleu173,2024-12-21T22:45:46+03:00
samplepr-0739,sampleu176,2024-12-21T22:45:46+03:00
samplepr-0740,sampleu176,2025-02-21T21:45:46+03:00
samplepr-0740,sampleu174,2025-02-21T21:45:46+03:00
samplepr-0741,sampleu190,2025-09-27T10:45:46+03:00
samplepr-0741,sampleu183,2025-09-27T10:45:46+03:00
samplepr-0742,sampleu190,2025-06-06T20:45:46+03:00
samplepr-0742,sampleu189,2025-06-06T20:45:46+03:00
samplepr-0743,sampleu183,2025-07-26T07:45:46+03:00
samplepr-0743,sampleu188,2025-07-26T07:45:46+03:00
samplepr-0744,sampleu182,2025-10-09T20:45:46+03:00
samplepr-0744,sampleu189,2025-10-09T20:45:46+03:00
samplepr-0745,sampleu188,2025-06-30T22:45:46+03:00
samplepr-0745,sampleu183,2025-06-30T22:45:46+03:00
samplepr-0746,sampleu185,2025-01-04T23:45:46+03:00
samplepr-0746,sampleu184,2025-01-04T23:45:46+03:00
samplepr-0747,sampleu181,2025-05-08T15:45:46+03:00
samplepr-0747,sampleu185,2025-05-08T15:45:46+03:00
samplepr-0748,sampleu184,2025-01-20T08:45:46+03:00
samplepr-0748,sampleu181,2025-01-20T08:45:46+03:00
samplepr-0749,sampleu181,2025-11-09T17:45:46+03:00
samplepr-0749,sampleu187,2025-11-09T17:45:46+03:00
samplepr-0750,sampleu188,2025-05-01T21:45:46+03:00
samplepr-0750,sampleu182,2025-05-01T21:45:46+03:00
samplepr-0751,sampleu190,2025-03-01T12:45:46+03:00
samplepr-0751,sampleu181,2025-03-01T12:45:46+03:00
samplepr-0752,sampleu190,2025-06-05T11:45:46+03:00
samplepr-0752,sampleu181,2025-06-05T11:45:46+03:00
samplepr-0753,sampleu189,2025-08-24T06:45:46+03:00
samplepr-0753,sampleu181,2025-08-24T06:45:46+03:00
samplepr-0754,sampleu181,2025-09-16T17:45:46+03:00
samplepr-0754,sampleu190,2025-09-16T17:45:46+03:00
samplepr-0755,sampleu188,2025-04-17T01:45:46+03:00
samplepr-0755,sampleu186,2025-04-17T01:45:46+03:00
samplepr-0756,sampleu189,2025-09-03T16:45:46+03:00
samplepr-0756,sampleu185,2025-09-03T16:45:46+03:00
samplepr-0757,sampleu190,2025-09-29T00:45:46+03:00
samplepr-0757,sampleu188,2025-09-29T00:45:46+03:00
samplepr-0758,sampleu182,2025-06-01T19:45:46+03:00
samplepr-0758,sampleu183,2025-06-01T19:45:46+03:00
samplepr-0759,sampleu182,2025-10-15T12:45:46+03:00
samplepr-0759,sampleu190,2025-10-15T12:45:46+03:00
samplepr-0760,sampleu183,2025-04-12T09:45:46+03:00
samplepr-0760,sampleu187,2025-04-12T09:45:46+03:00
samplepr-0761,sampleu183,2024-11-25T18:45:46+03:00
samplepr-0761,sampleu189,2024-11-25T18:45:46+03:00
samplepr-0762,sampleu185,2025-08-24T08:45:46+03:00
samplepr-0762,sampleu181,2025-08-24T08:45:46+03:00
samplepr-0763,sampleu183,2025-10-26T07:45:46+03:00
samplepr-0763,sampleu184,2025-10-26T07:45:46+03:00
samplepr-0764,sampleu190,2025-03-02T20:45:46+03:00
samplepr-0764,sampleu189,2025-03-02T20:45:46+03:00
samplepr-0765,sampleu190,2025-09-21T10:45:46+03:00
samplepr-0765,sampleu181,2025-09-21T10:45:46+03:00
samplepr-0766,sampleu186,2025-01-13T07:45:46+03:00
samplepr-0766,sampleu190,2025-01-13T07:45:46+03:00
samplepr-0767,sampleu181,2025-07-22T03:45:46+03:00
samplepr-0767,sampleu184,2025-07-22T03:45:46+03:00
samplepr-0768,sampleu184,2025-05-20T17:45:46+03:00
samplepr-0768,sampleu183,2025-05-20T17:45:46+03:00
samplepr-0769,sampleu184,2025-04-07T06:45:46+03:00
samplepr-0769,sampleu185,2025-04-07T06:45:46+03:00
samplepr-0770,sampleu189,2024-12-25T09:45:46+03:00
samplepr-0770,sampleu181,2024-12-25T09:45:46+03:00
samplepr-0771,sampleu190,2025-02-16T08:45:46+03:00
samplepr-0771,sampleu186,2025-02-16T08:45:46+03:00
samplepr-0772,sampleu181,2025-11-15T10:45:46+03:00
samplepr-0772,sampleu185,2025-11-15T10:45:46+03:00
samplepr-0773,sampleu186,2025-04-22T19:45:46+03:00
samplepr-0773,sampleu182,2025-04-22T19:45:46+03:00
samplepr-0774,sampleu181,2025-11-21T15:45:46+03:00
samplepr-0774,sampleu188,2025-11-21T15:45:46+03:00
samplepr-0775,sampleu181,2025-10-12T15:45:46+03:00
samplepr-0775,sampleu185,2025-10-12T15:45:46+03:00
samplepr-0776,sampleu190,2025-07-18T10:45:46+03:00
samplepr-0776,sampleu181,2025-07-18T10:45:46+03:00
samplepr-0777,sampleu184,2025-10-23T06:45:46+03:00
samplepr-0777,sampleu187,2025-10-23T06:45:46+03:00
samplepr-0778,sampleu181,2025-06-02T18:45:46+03:00
samplepr-0778,sampleu186,2025-06-02T18:45:46+03:00
samplepr-0779,sampleu185,2025-04-17T20:45:46+03:00
samplepr-0779,sampleu181,2025-04-17T20:45:46+03:00
samplepr-0780,sampleu181,2025-02-26T07:45:46+03:00
samplepr-0780,sampleu183,2025-02-26T07:45:46+03:00
samplepr-0781,sampleu199,2025-04-28T23:45:46+03:00
samplepr-0781,sampleu196,2025-04-28T23:45:46+03:00
samplepr-0782,sampleu195,2024-12-14T01:45:46+03:00
samplepr-0782,sampleu200,2024-12-14T01:45:46+03:00
samplepr-0783,sampleu198,2025-04-02T11:45:46+03:00
samplepr-0783,sampleu195,2025-04-02T11:45:46+03:00
samplepr-0784,sampleu193,2024-12-09T14:45:46+03:00
samplepr-0784,sampleu196,2024-12-09T14:45:46+03:00
samplepr-0785,sampleu193,2025-07-12T20:45:46+03:00
samplepr-0785,sampleu198,2025-07-12T20:45:46+03:00
samplepr-0786,sampleu197,2025-06-28T15:45:46+03:00
samplepr-0786,sampleu198,2025-06-28T15:45:46+03:00
samplepr-0787,sampleu199,2025-07-26T21:45:46+03:00
samplepr-0787,sampleu200,2025-07-26T21:45:46+03:00
samplepr-0788,sampleu197,2025-05-08T08:45:46+03:00
samplepr-0788,sampleu198,2025-05-08T08:45:46+03:00
samplepr-0789,sampleu198,2025-10-16T20:45:46+03:00
samplepr-0789,sampleu196,2025-10-16T20:45:46+03:00
samplepr-0790,sampleu191,2025-10-07T08:45:46+03:00
samplepr-0790,sampleu197,2025-10-07T08:45:46+03:00
samplepr-0791,sampleu196,2024-12-01T13:45:46+03:00
samplepr-0791,sampleu199,2024-12-01T13:45:46+03:00
samplepr-0792,sampleu195,2025-02-08T20:45:46+03:00
samplepr-0792,sampleu198,2025-02-08T20:45:46+03:00
samplepr-0793,sampleu197,2025-03-20T07:45:46+03:00
samplepr-0793,sampleu196,2025-03-20T07:45:46+03:00
samplepr-0794,sampleu197,2025-07-05T06:45:46+03:00
samplepr-0794,sampleu196,2025-07-05T06:45:46+03:00
samplepr-0795,sampleu191,2025-10-19T16:45:46+03:00
samplepr-0795,sampleu192,2025-10-19T16:45:46+03:00
samplepr-0796,sampleu191,2025-08-18T06:45:46+03:00
samplepr-0796,sampleu200,2025-08-18T06:45:46+03:00
samplepr-0797,sampleu199,2024-12-31T03:45:46+03:00
samplepr-0797,sampleu191,2024-12-31T03:45:46+03:00
samplepr-0798,sampleu197,2025-08-06T17:45:46+03:00
samplepr-0798,sampleu196,2025-08-06T17:45:46+03:00
samplepr-0799,sampleu191,2025-11-05T04:45:46+03:00
samplepr-0799,sampleu198,2025-11-05T04:45:46+03:00
samplepr-0800,sampleu193,2025-05-20T21:45:46+03:00
samplepr-0800,sampleu199,2025-05-20T21:45:46+03:00
samplepr-0801,sampleu200,2025-05-06T11:45:46+03:00
samplepr-0801,sampleu194,2025-05-06T11:45:46+03:00
samplepr-0802,sampleu198,2025-09-03T16:45:46+03:00
samplepr-0802,sampleu195,2025-09-03T16:45:46+03:00
samplepr-0803,sampleu198,2025-03-20T17:45:46+03:00
samplepr-0803,sampleu195,2025-03-20T17:45:46+03:00
samplepr-0804,sampleu192,2025-01-14T10:45:46+03:00
samplepr-0804,sampleu191,2025-01-14T10:45:46+03:00
samplepr-0805,sampleu199,2024-12-31T23:45:46+03:00
samplepr-0805,sampleu196,2024-12-31T23:45:46+03:00
samplepr-0806,sampleu193,2025-07-14T10:45:46+03:00
samplepr-0806,sampleu198,2025-07-14T10:45:46+03:00
samplepr-0807,sampleu199,2025-04-27T00:45:46+03:00
samplepr-0807,sampleu196,2025-04-27T00:45:46+03:00
samplepr-0808,sampleu195,2025-01-30T11:45:46+03:00
samplepr-0808,sampleu198,2025-01-30T11:45:46+03:00
samplepr-0809,sampleu200,2025-01-02T18:45:46+03:00
samplepr-0809,sampleu199,2025-01-02T18:45:46+03:00
samplepr-0810,sampleu200,2025-09-06T20:45:46+03:00
samplepr-0810,sampleu192,2025-09-06T20:45:46+03:00
samplepr-0811,sampleu199,2025-01-19T22:45:46+03:00
samplepr-0811,sampleu200,2025-01-19T22:45:46+03:00
samplepr-0812,sampleu192,2025-07-29T02:45:46+03:00
samplepr-0812,sampleu193,2025-07-29T02:45:46+03:00
samplepr-0813,sampleu195,2025-07-28T16:45:46+03:00
samplepr-0813,sampleu191,2025-07-28T16:45:46+03:00
samplepr-0814,sampleu200,2025-06-17T21:45:46+03:00
samplepr-0814,sampleu193,2025-06-17T21:45:46+03:00
samplepr-0815,sampleu192,2025-06-13T04:45:46+03:00
samplepr-0815,sampleu191,2025-06-13T04:45:46+03:00
samplepr-0816,sampleu198,2025-04-08T21:45:46+03:00
samplepr-0816,sampleu197,2025-04-08T21:45:46+03:00
samplepr-0817,sampleu191,2025-07-16T11:45:46+03:00
samplepr-0817,sampleu193,2025-07-16T11:45:46+03:00
samplepr-0818,sampleu193,2025-03-22T22:45:46+03:00
samplepr-0818,sampleu194,2025-03-22T22:45:46+03:00
samplepr-0819,sampleu194,2025-06-04T06:45:46+03:00
samplepr-0819,sampleu197,2025-06-04T06:45:46+03:00
samplepr-0820,sampleu195,2025-04-29T22:45:46+03:00
samplepr-0820,sampleu193,2025-04-29T22:45:46+03:00
samplepr-0821,sampleu192,2024-12-24T20:45:46+03:00
samplepr-0821,sampleu199,2024-12-24T20:45:46+03:00
