name,created_at
sampleteam-01,2025-11-22T20:45:46+03:00
sampleteam-02,2025-11-22T20:45:46+03:00
sampleteam-03,2025-11-22T20:45:46+03:00
sampleteam-04,2025-11-22T20:45:46+03:00
sampleteam-05,2025-11-22T20:45:46+03:00
sampleteam-06,2025-11-22T20:45:46+03:00
sampleteam-07,2025-11-22T20:45:46+03:00
sampleteam-08,2025-11-22T20:45:46+03:00
sampleteam-09,2025-11-22T20:45:46+03:00
sampleteam-10,2025-11-22T20:45:46+03:00
sampleteam-11,2025-11-22T20:45:46+03:00
sampleteam-12,2025-11-22T20:45:46+03:00
sampleteam-13,2025-11-22T20:45:46+03:00
sampleteam-14,2025-11-22T20:45:46+03:00
sampleteam-15,2025-11-22T20:45:46+03:00
sampleteam-16,2025-11-22T20:45:46+03:00
sampleteam-17,2025-11-22T20:45:46+03:00
sampleteam-18,2025-11-22T20:45:46+03:00
sampleteam-19,2025-11-22T20:45:46+03:00
sampleteam-20,2025-11-22T20:45:46+03:00
